/*
MySQL - 5.7.38 : Database - library_reservation
*********************************************************************
*/

/*!40101 SET NAMES utf8 */;

/*!40101 SET SQL_MODE=''*/;

/*!40014 SET @OLD_UNIQUE_CHECKS=@@UNIQUE_CHECKS, UNIQUE_CHECKS=0 */;
/*!40014 SET @OLD_FOREIGN_KEY_CHECKS=@@FOREIGN_KEY_CHECKS, FOREIGN_KEY_CHECKS=0 */;
/*!40101 SET @OLD_SQL_MODE=@@SQL_MODE, SQL_MODE='NO_AUTO_VALUE_ON_ZERO' */;
/*!40111 SET @OLD_SQL_NOTES=@@SQL_NOTES, SQL_NOTES=0 */;
CREATE DATABASE /*!32312 IF NOT EXISTS*/`library_reservation` /*!40100 DEFAULT CHARACTER SET utf8mb4 COLLATE utf8mb4_unicode_ci */;

USE `library_reservation`;

/*Table structure for table `library` */

CREATE TABLE `library` (
  `id` bigint(20) NOT NULL AUTO_INCREMENT COMMENT '图书馆ID',
  `name` varchar(100) COLLATE utf8mb4_unicode_ci NOT NULL COMMENT '图书馆名称',
  `address` varchar(200) COLLATE utf8mb4_unicode_ci DEFAULT NULL COMMENT '地址',
  `description` text COLLATE utf8mb4_unicode_ci COMMENT '描述',
  `status` varchar(10) COLLATE utf8mb4_unicode_ci NOT NULL DEFAULT '正常' COMMENT '状态: 正常, 停用',
  `create_time` datetime NOT NULL DEFAULT CURRENT_TIMESTAMP COMMENT '创建时间',
  `update_time` datetime NOT NULL DEFAULT CURRENT_TIMESTAMP ON UPDATE CURRENT_TIMESTAMP COMMENT '更新时间',
  PRIMARY KEY (`id`),
  KEY `idx_status` (`status`)
) ENGINE=InnoDB AUTO_INCREMENT=21 DEFAULT CHARSET=utf8mb4 COLLATE=utf8mb4_unicode_ci COMMENT='图书馆表';

/*Data for the table `library` */

insert  into `library`(`id`,`name`,`address`,`description`,`status`,`create_time`,`update_time`) values 
(1,'中央图书馆','校园中心区域','主要图书馆，藏书丰富','正常','2025-12-12 14:39:08','2025-12-12 14:39:08'),
(2,'理工图书馆','理工学院大楼','专业图书馆，主要收藏理工类书籍','正常','2025-12-12 14:39:08','2025-12-12 14:39:08'),
(3,'文学图书馆','文学院一楼','文学类专业图书馆，收藏文史哲书籍','正常','2025-12-12 14:39:08','2025-12-12 14:39:08'),
(4,'医学图书馆','医学院大楼','医学专业图书馆，收藏医学类书籍','正常','2025-12-12 14:39:08','2025-12-12 14:39:08'),
(5,'法学图书馆','法学院二楼','法学专业图书馆，收藏法律类书籍','正常','2025-12-12 14:39:08','2025-12-12 14:39:08'),
(6,'经管图书馆','经管学院三楼','经济管理类专业图书馆','正常','2025-12-12 14:39:08','2025-12-12 14:39:08'),
(7,'外语图书馆','外语学院一楼','外语类专业图书馆，多语种书籍','正常','2025-12-12 14:39:08','2025-12-12 14:39:08'),
(8,'艺术图书馆','艺术学院大楼','艺术类专业图书馆，收藏艺术设计书籍','正常','2025-12-12 14:39:08','2025-12-12 14:39:08'),
(9,'体育图书馆','体育学院大楼','体育类专业图书馆','正常','2025-12-12 14:39:08','2025-12-12 14:39:08'),
(10,'音乐图书馆','音乐学院大楼','音乐类专业图书馆，收藏音乐理论书籍','正常','2025-12-12 14:39:08','2025-12-12 14:39:08'),
(11,'化学图书馆','化学楼三楼','化学专业图书馆，收藏化学类书籍','正常','2025-12-12 14:39:08','2025-12-12 14:39:08'),
(12,'物理图书馆','物理楼二楼','物理专业图书馆，收藏物理类书籍','正常','2025-12-12 14:39:08','2025-12-12 14:39:08'),
(13,'数学图书馆','数学楼一楼','数学专业图书馆，收藏数学类书籍','正常','2025-12-12 14:39:08','2025-12-12 14:39:08'),
(14,'计算机图书馆','计算机学院大楼','计算机专业图书馆，收藏IT类书籍','正常','2025-12-12 14:39:08','2025-12-12 14:39:08'),
(15,'建筑图书馆','建筑学院大楼','建筑专业图书馆，收藏建筑设计书籍','正常','2025-12-12 14:39:08','2025-12-12 14:39:08'),
(16,'环境图书馆','环境学院大楼','环境科学专业图书馆','正常','2025-12-12 14:39:08','2025-12-12 14:39:08'),
(17,'生物图书馆','生物楼二楼','生物专业图书馆，收藏生物类书籍','正常','2025-12-12 14:39:08','2025-12-12 14:39:08'),
(18,'地理图书馆','地理楼一楼','地理专业图书馆，收藏地理类书籍','正常','2025-12-12 14:39:08','2025-12-12 14:39:08'),
(19,'历史图书馆','历史学院大楼','历史专业图书馆，收藏历史类书籍','正常','2025-12-12 14:39:08','2025-12-12 14:39:08'),
(20,'哲学图书馆','哲学楼三楼','哲学专业图书馆，收藏哲学类书籍','正常','2025-12-12 14:39:08','2025-12-12 14:39:08');

/*Table structure for table `reservation` */

CREATE TABLE `reservation` (
  `id` bigint(20) NOT NULL AUTO_INCREMENT COMMENT '预约ID',
  `order_no` varchar(20) COLLATE utf8mb4_unicode_ci NOT NULL COMMENT '预约流水号',
  `user_id` bigint(20) NOT NULL COMMENT '用户ID',
  `library_id` bigint(20) NOT NULL COMMENT '图书馆ID',
  `seat_id` bigint(20) NOT NULL COMMENT '座位ID',
  `start_time` datetime NOT NULL COMMENT '预约开始时间',
  `end_time` datetime NOT NULL COMMENT '预约结束时间',
  `status` varchar(10) COLLATE utf8mb4_unicode_ci NOT NULL DEFAULT '已预约' COMMENT '状态: 已预约, 已使用, 爽约, 已取消',
  `qr_code` text COLLATE utf8mb4_unicode_ci COMMENT '二维码内容',
  `check_in_time` datetime DEFAULT NULL COMMENT '签到时间',
  `create_time` datetime NOT NULL DEFAULT CURRENT_TIMESTAMP COMMENT '创建时间',
  `update_time` datetime NOT NULL DEFAULT CURRENT_TIMESTAMP ON UPDATE CURRENT_TIMESTAMP COMMENT '更新时间',
  PRIMARY KEY (`id`),
  UNIQUE KEY `uk_order_no` (`order_no`),
  KEY `idx_user_id` (`user_id`),
  KEY `idx_library_id` (`library_id`),
  KEY `idx_seat_id` (`seat_id`),
  KEY `idx_start_end_time` (`start_time`,`end_time`),
  KEY `idx_status` (`status`),
  KEY `idx_create_time` (`create_time`),
  CONSTRAINT `fk_reservation_library` FOREIGN KEY (`library_id`) REFERENCES `library` (`id`),
  CONSTRAINT `fk_reservation_seat` FOREIGN KEY (`seat_id`) REFERENCES `seat` (`id`),
  CONSTRAINT `fk_reservation_user` FOREIGN KEY (`user_id`) REFERENCES `user` (`id`)
) ENGINE=InnoDB AUTO_INCREMENT=20 DEFAULT CHARSET=utf8mb4 COLLATE=utf8mb4_unicode_ci COMMENT='预约记录表';

/*Data for the table `reservation` */

insert  into `reservation`(`id`,`order_no`,`user_id`,`library_id`,`seat_id`,`start_time`,`end_time`,`status`,`qr_code`,`check_in_time`,`create_time`,`update_time`) values 
(1,'20251212-0001',4,7,301,'2025-12-13 09:00:00','2025-12-13 11:00:00','已取消','20251212-0001',NULL,'2025-12-12 15:03:29','2025-12-12 15:03:29'),
(2,'20251212-0002',4,7,301,'2025-12-13 09:00:00','2025-12-13 11:00:00','已取消','20251212-0001',NULL,'2025-12-12 15:03:29','2025-12-12 15:03:29'),
(3,'20251212-0003',4,7,301,'2025-12-13 09:00:00','2025-12-13 11:00:00','已预约','20251212-0001',NULL,'2025-12-12 15:03:29','2025-12-12 15:03:29'),
(4,'20251212-0004',4,7,301,'2025-12-13 09:00:00','2025-12-13 11:00:00','已预约','20251212-0001',NULL,'2025-12-12 15:03:29','2025-12-12 15:03:29'),
(5,'20251212-0005',4,7,301,'2025-12-13 09:00:00','2025-12-13 11:00:00','已预约','20251212-0001',NULL,'2025-12-12 15:03:29','2025-12-12 15:03:29'),
(7,'20251212-0006',4,7,301,'2025-12-13 09:00:00','2025-12-13 11:00:00','已预约','20251212-0001',NULL,'2025-12-12 15:03:29','2025-12-12 15:03:29'),
(8,'20251212-0007',4,7,301,'2025-12-13 09:00:00','2025-12-13 11:00:00','已预约','20251212-0001',NULL,'2025-12-12 15:03:29','2025-12-12 15:03:29'),
(10,'20251212-0008',4,7,301,'2025-12-13 09:00:00','2025-12-13 11:00:00','已预约','20251212-0001',NULL,'2025-12-12 15:03:29','2025-12-12 15:03:29'),
(11,'20251212-0009',4,7,301,'2025-12-13 09:00:00','2025-12-13 11:00:00','已预约','20251212-0001',NULL,'2025-12-12 15:03:29','2025-12-12 15:03:29'),
(12,'20251212-0010',4,7,301,'2025-12-13 09:00:00','2025-12-13 11:00:00','已预约','20251212-0001',NULL,'2025-12-12 15:03:29','2025-12-12 15:03:29'),
(13,'20251212-0011',4,7,301,'2025-12-13 09:00:00','2025-12-13 11:00:00','已取消','20251212-0001',NULL,'2025-12-12 15:03:29','2025-12-12 15:03:29'),
(15,'20251212-0101',2,2,52,'2025-12-19 08:00:00','2025-12-19 12:00:00','已使用','20251212-0101','2025-12-12 23:26:13','2025-12-12 15:25:48','2025-12-12 15:25:48'),
(16,'20251212-0012',4,7,301,'2025-12-13 09:00:00','2025-12-13 11:00:00','已取消','20251212-0001',NULL,'2025-12-12 15:03:29','2025-12-12 15:03:29'),
(17,'20251212-0013',4,7,301,'2025-12-13 09:00:00','2025-12-13 11:00:00','已取消','20251212-0001',NULL,'2025-12-12 15:03:29','2025-12-12 15:03:29'),
(18,'20251212-0014',4,7,301,'2025-12-13 09:00:00','2025-12-13 11:00:00','已预约','20251212-0001',NULL,'2025-12-12 15:03:29','2025-12-12 15:44:56'),
(19,'20251212-0102',4,1,2,'2025-12-19 08:00:00','2025-12-19 09:00:00','已使用','20251212-0102','2025-12-12 23:48:36','2025-12-12 15:47:59','2025-12-12 15:47:59');

/*Table structure for table `seat` */

CREATE TABLE `seat` (
  `id` bigint(20) NOT NULL AUTO_INCREMENT COMMENT '座位ID',
  `library_id` bigint(20) NOT NULL COMMENT '图书馆ID',
  `seat_number` varchar(20) COLLATE utf8mb4_unicode_ci NOT NULL COMMENT '座位编号',
  `seat_type` varchar(20) COLLATE utf8mb4_unicode_ci DEFAULT '普通座位' COMMENT '座位类型',
  `status` varchar(10) COLLATE utf8mb4_unicode_ci NOT NULL DEFAULT '正常' COMMENT '状态: 正常, 维修, 停用',
  `create_time` datetime NOT NULL DEFAULT CURRENT_TIMESTAMP COMMENT '创建时间',
  `update_time` datetime NOT NULL DEFAULT CURRENT_TIMESTAMP ON UPDATE CURRENT_TIMESTAMP COMMENT '更新时间',
  PRIMARY KEY (`id`),
  UNIQUE KEY `uk_library_seat` (`library_id`,`seat_number`),
  KEY `idx_library_id` (`library_id`),
  KEY `idx_status` (`status`),
  CONSTRAINT `fk_seat_library` FOREIGN KEY (`library_id`) REFERENCES `library` (`id`)
) ENGINE=InnoDB AUTO_INCREMENT=1011 DEFAULT CHARSET=utf8mb4 COLLATE=utf8mb4_unicode_ci COMMENT='座位表';

/*Data for the table `seat` */

insert  into `seat`(`id`,`library_id`,`seat_number`,`seat_type`,`status`,`create_time`,`update_time`) values 
(1,1,'001','普通座位','维修','2025-12-12 14:39:08','2025-12-12 14:39:08'),
(2,1,'002','普通座位','正常','2025-12-12 14:39:08','2025-12-12 14:39:08'),
(3,1,'003','电脑座位','停用','2025-12-12 14:39:08','2025-12-12 14:39:08'),
(4,1,'004','普通座位','正常','2025-12-12 14:39:08','2025-12-12 14:39:08'),
(5,1,'005','普通座位','正常','2025-12-12 14:39:08','2025-12-12 14:39:08'),
(6,1,'006','电脑座位','正常','2025-12-12 14:39:08','2025-12-12 14:39:08'),
(7,1,'007','普通座位','正常','2025-12-12 14:39:08','2025-12-12 14:39:08'),
(8,1,'008','普通座位','正常','2025-12-12 14:39:08','2025-12-12 14:39:08'),
(9,1,'009','普通座位','正常','2025-12-12 14:39:08','2025-12-12 14:39:08'),
(10,1,'010','电脑座位','正常','2025-12-12 14:39:08','2025-12-12 14:39:08'),
(11,1,'011','普通座位','正常','2025-12-12 14:39:08','2025-12-12 14:39:08'),
(12,1,'012','普通座位','正常','2025-12-12 14:39:08','2025-12-12 14:39:08'),
(13,1,'013','普通座位','正常','2025-12-12 14:39:08','2025-12-12 14:39:08'),
(14,1,'014','普通座位','正常','2025-12-12 14:39:08','2025-12-12 14:39:08'),
(15,1,'015','电脑座位','正常','2025-12-12 14:39:08','2025-12-12 14:39:08'),
(16,1,'016','普通座位','正常','2025-12-12 14:39:08','2025-12-12 14:39:08'),
(17,1,'017','普通座位','正常','2025-12-12 14:39:08','2025-12-12 14:39:08'),
(18,1,'018','普通座位','正常','2025-12-12 14:39:08','2025-12-12 14:39:08'),
(19,1,'019','普通座位','正常','2025-12-12 14:39:08','2025-12-12 14:39:08'),
(20,1,'020','电脑座位','正常','2025-12-12 14:39:08','2025-12-12 14:39:08'),
(21,1,'021','普通座位','正常','2025-12-12 14:39:08','2025-12-12 14:39:08'),
(22,1,'022','普通座位','正常','2025-12-12 14:39:08','2025-12-12 14:39:08'),
(23,1,'023','普通座位','正常','2025-12-12 14:39:08','2025-12-12 14:39:08'),
(24,1,'024','普通座位','正常','2025-12-12 14:39:08','2025-12-12 14:39:08'),
(25,1,'025','电脑座位','正常','2025-12-12 14:39:08','2025-12-12 14:39:08'),
(26,1,'026','普通座位','正常','2025-12-12 14:39:08','2025-12-12 14:39:08'),
(27,1,'027','普通座位','正常','2025-12-12 14:39:08','2025-12-12 14:39:08'),
(28,1,'028','普通座位','正常','2025-12-12 14:39:08','2025-12-12 14:39:08'),
(29,1,'029','普通座位','正常','2025-12-12 14:39:08','2025-12-12 14:39:08'),
(30,1,'030','电脑座位','正常','2025-12-12 14:39:08','2025-12-12 14:39:08'),
(31,1,'031','普通座位','正常','2025-12-12 14:39:08','2025-12-12 14:39:08'),
(32,1,'032','普通座位','正常','2025-12-12 14:39:08','2025-12-12 14:39:08'),
(33,1,'033','普通座位','正常','2025-12-12 14:39:08','2025-12-12 14:39:08'),
(34,1,'034','普通座位','正常','2025-12-12 14:39:08','2025-12-12 14:39:08'),
(35,1,'035','电脑座位','正常','2025-12-12 14:39:08','2025-12-12 14:39:08'),
(36,1,'036','普通座位','正常','2025-12-12 14:39:08','2025-12-12 14:39:08'),
(37,1,'037','普通座位','正常','2025-12-12 14:39:08','2025-12-12 14:39:08'),
(38,1,'038','普通座位','正常','2025-12-12 14:39:08','2025-12-12 14:39:08'),
(39,1,'039','普通座位','正常','2025-12-12 14:39:08','2025-12-12 14:39:08'),
(40,1,'040','电脑座位','正常','2025-12-12 14:39:08','2025-12-12 14:39:08'),
(41,1,'041','普通座位','正常','2025-12-12 14:39:08','2025-12-12 14:39:08'),
(42,1,'042','普通座位','正常','2025-12-12 14:39:08','2025-12-12 14:39:08'),
(43,1,'043','普通座位','正常','2025-12-12 14:39:08','2025-12-12 14:39:08'),
(44,1,'044','普通座位','正常','2025-12-12 14:39:08','2025-12-12 14:39:08'),
(45,1,'045','电脑座位','正常','2025-12-12 14:39:08','2025-12-12 14:39:08'),
(46,1,'046','普通座位','正常','2025-12-12 14:39:08','2025-12-12 14:39:08'),
(47,1,'047','普通座位','正常','2025-12-12 14:39:08','2025-12-12 14:39:08'),
(48,1,'048','普通座位','正常','2025-12-12 14:39:08','2025-12-12 14:39:08'),
(49,1,'049','普通座位','正常','2025-12-12 14:39:08','2025-12-12 14:39:08'),
(50,1,'050','电脑座位','正常','2025-12-12 14:39:08','2025-12-12 14:39:08'),
(51,2,'001','普通座位','正常','2025-12-12 14:39:08','2025-12-12 14:39:08'),
(52,2,'002','普通座位','正常','2025-12-12 14:39:08','2025-12-12 14:39:08'),
(53,2,'003','电脑座位','正常','2025-12-12 14:39:08','2025-12-12 14:39:08'),
(54,2,'004','普通座位','正常','2025-12-12 14:39:08','2025-12-12 14:39:08'),
(55,2,'005','普通座位','正常','2025-12-12 14:39:08','2025-12-12 14:39:08'),
(56,2,'006','电脑座位','正常','2025-12-12 14:39:08','2025-12-12 14:39:08'),
(57,2,'007','普通座位','正常','2025-12-12 14:39:08','2025-12-12 14:39:08'),
(58,2,'008','普通座位','正常','2025-12-12 14:39:08','2025-12-12 14:39:08'),
(59,2,'009','普通座位','正常','2025-12-12 14:39:08','2025-12-12 14:39:08'),
(60,2,'010','电脑座位','正常','2025-12-12 14:39:08','2025-12-12 14:39:08'),
(61,2,'011','普通座位','正常','2025-12-12 14:39:08','2025-12-12 14:39:08'),
(62,2,'012','普通座位','正常','2025-12-12 14:39:08','2025-12-12 14:39:08'),
(63,2,'013','普通座位','正常','2025-12-12 14:39:08','2025-12-12 14:39:08'),
(64,2,'014','普通座位','正常','2025-12-12 14:39:08','2025-12-12 14:39:08'),
(65,2,'015','电脑座位','正常','2025-12-12 14:39:08','2025-12-12 14:39:08'),
(66,2,'016','普通座位','正常','2025-12-12 14:39:08','2025-12-12 14:39:08'),
(67,2,'017','普通座位','正常','2025-12-12 14:39:08','2025-12-12 14:39:08'),
(68,2,'018','普通座位','正常','2025-12-12 14:39:08','2025-12-12 14:39:08'),
(69,2,'019','普通座位','正常','2025-12-12 14:39:08','2025-12-12 14:39:08'),
(70,2,'020','电脑座位','正常','2025-12-12 14:39:08','2025-12-12 14:39:08'),
(71,2,'021','普通座位','正常','2025-12-12 14:39:08','2025-12-12 14:39:08'),
(72,2,'022','普通座位','正常','2025-12-12 14:39:08','2025-12-12 14:39:08'),
(73,2,'023','普通座位','正常','2025-12-12 14:39:08','2025-12-12 14:39:08'),
(74,2,'024','普通座位','正常','2025-12-12 14:39:08','2025-12-12 14:39:08'),
(75,2,'025','电脑座位','正常','2025-12-12 14:39:08','2025-12-12 14:39:08'),
(76,2,'026','普通座位','正常','2025-12-12 14:39:08','2025-12-12 14:39:08'),
(77,2,'027','普通座位','正常','2025-12-12 14:39:08','2025-12-12 14:39:08'),
(78,2,'028','普通座位','正常','2025-12-12 14:39:08','2025-12-12 14:39:08'),
(79,2,'029','普通座位','正常','2025-12-12 14:39:08','2025-12-12 14:39:08'),
(80,2,'030','电脑座位','正常','2025-12-12 14:39:08','2025-12-12 14:39:08'),
(81,2,'031','普通座位','正常','2025-12-12 14:39:08','2025-12-12 14:39:08'),
(82,2,'032','普通座位','正常','2025-12-12 14:39:08','2025-12-12 14:39:08'),
(83,2,'033','普通座位','正常','2025-12-12 14:39:08','2025-12-12 14:39:08'),
(84,2,'034','普通座位','正常','2025-12-12 14:39:08','2025-12-12 14:39:08'),
(85,2,'035','电脑座位','正常','2025-12-12 14:39:08','2025-12-12 14:39:08'),
(86,2,'036','普通座位','正常','2025-12-12 14:39:08','2025-12-12 14:39:08'),
(87,2,'037','普通座位','正常','2025-12-12 14:39:08','2025-12-12 14:39:08'),
(88,2,'038','普通座位','正常','2025-12-12 14:39:08','2025-12-12 14:39:08'),
(89,2,'039','普通座位','正常','2025-12-12 14:39:08','2025-12-12 14:39:08'),
(90,2,'040','电脑座位','正常','2025-12-12 14:39:08','2025-12-12 14:39:08'),
(91,2,'041','普通座位','正常','2025-12-12 14:39:08','2025-12-12 14:39:08'),
(92,2,'042','普通座位','正常','2025-12-12 14:39:08','2025-12-12 14:39:08'),
(93,2,'043','普通座位','正常','2025-12-12 14:39:08','2025-12-12 14:39:08'),
(94,2,'044','普通座位','正常','2025-12-12 14:39:08','2025-12-12 14:39:08'),
(95,2,'045','电脑座位','正常','2025-12-12 14:39:08','2025-12-12 14:39:08'),
(96,2,'046','普通座位','正常','2025-12-12 14:39:08','2025-12-12 14:39:08'),
(97,2,'047','普通座位','正常','2025-12-12 14:39:08','2025-12-12 14:39:08'),
(98,2,'048','普通座位','正常','2025-12-12 14:39:08','2025-12-12 14:39:08'),
(99,2,'049','普通座位','正常','2025-12-12 14:39:08','2025-12-12 14:39:08'),
(100,2,'050','电脑座位','正常','2025-12-12 14:39:08','2025-12-12 14:39:08'),
(101,3,'001','普通座位','正常','2025-12-12 14:39:08','2025-12-12 14:39:08'),
(102,3,'002','普通座位','正常','2025-12-12 14:39:08','2025-12-12 14:39:08'),
(103,3,'003','电脑座位','正常','2025-12-12 14:39:08','2025-12-12 14:39:08'),
(104,3,'004','普通座位','正常','2025-12-12 14:39:08','2025-12-12 14:39:08'),
(105,3,'005','普通座位','正常','2025-12-12 14:39:08','2025-12-12 14:39:08'),
(106,3,'006','电脑座位','正常','2025-12-12 14:39:08','2025-12-12 14:39:08'),
(107,3,'007','普通座位','正常','2025-12-12 14:39:08','2025-12-12 14:39:08'),
(108,3,'008','普通座位','正常','2025-12-12 14:39:08','2025-12-12 14:39:08'),
(109,3,'009','普通座位','正常','2025-12-12 14:39:08','2025-12-12 14:39:08'),
(110,3,'010','电脑座位','正常','2025-12-12 14:39:08','2025-12-12 14:39:08'),
(111,3,'011','普通座位','正常','2025-12-12 14:39:08','2025-12-12 14:39:08'),
(112,3,'012','普通座位','正常','2025-12-12 14:39:08','2025-12-12 14:39:08'),
(113,3,'013','普通座位','正常','2025-12-12 14:39:08','2025-12-12 14:39:08'),
(114,3,'014','普通座位','正常','2025-12-12 14:39:08','2025-12-12 14:39:08'),
(115,3,'015','电脑座位','正常','2025-12-12 14:39:08','2025-12-12 14:39:08'),
(116,3,'016','普通座位','正常','2025-12-12 14:39:08','2025-12-12 14:39:08'),
(117,3,'017','普通座位','正常','2025-12-12 14:39:08','2025-12-12 14:39:08'),
(118,3,'018','普通座位','正常','2025-12-12 14:39:08','2025-12-12 14:39:08'),
(119,3,'019','普通座位','正常','2025-12-12 14:39:08','2025-12-12 14:39:08'),
(120,3,'020','电脑座位','正常','2025-12-12 14:39:08','2025-12-12 14:39:08'),
(121,3,'021','普通座位','正常','2025-12-12 14:39:08','2025-12-12 14:39:08'),
(122,3,'022','普通座位','正常','2025-12-12 14:39:08','2025-12-12 14:39:08'),
(123,3,'023','普通座位','正常','2025-12-12 14:39:08','2025-12-12 14:39:08'),
(124,3,'024','普通座位','正常','2025-12-12 14:39:08','2025-12-12 14:39:08'),
(125,3,'025','电脑座位','正常','2025-12-12 14:39:08','2025-12-12 14:39:08'),
(126,3,'026','普通座位','正常','2025-12-12 14:39:08','2025-12-12 14:39:08'),
(127,3,'027','普通座位','正常','2025-12-12 14:39:08','2025-12-12 14:39:08'),
(128,3,'028','普通座位','正常','2025-12-12 14:39:08','2025-12-12 14:39:08'),
(129,3,'029','普通座位','正常','2025-12-12 14:39:08','2025-12-12 14:39:08'),
(130,3,'030','电脑座位','正常','2025-12-12 14:39:08','2025-12-12 14:39:08'),
(131,3,'031','普通座位','正常','2025-12-12 14:39:08','2025-12-12 14:39:08'),
(132,3,'032','普通座位','正常','2025-12-12 14:39:08','2025-12-12 14:39:08'),
(133,3,'033','普通座位','正常','2025-12-12 14:39:08','2025-12-12 14:39:08'),
(134,3,'034','普通座位','正常','2025-12-12 14:39:08','2025-12-12 14:39:08'),
(135,3,'035','电脑座位','正常','2025-12-12 14:39:08','2025-12-12 14:39:08'),
(136,3,'036','普通座位','正常','2025-12-12 14:39:08','2025-12-12 14:39:08'),
(137,3,'037','普通座位','正常','2025-12-12 14:39:08','2025-12-12 14:39:08'),
(138,3,'038','普通座位','正常','2025-12-12 14:39:08','2025-12-12 14:39:08'),
(139,3,'039','普通座位','正常','2025-12-12 14:39:08','2025-12-12 14:39:08'),
(140,3,'040','电脑座位','正常','2025-12-12 14:39:08','2025-12-12 14:39:08'),
(141,3,'041','普通座位','正常','2025-12-12 14:39:08','2025-12-12 14:39:08'),
(142,3,'042','普通座位','正常','2025-12-12 14:39:08','2025-12-12 14:39:08'),
(143,3,'043','普通座位','正常','2025-12-12 14:39:08','2025-12-12 14:39:08'),
(144,3,'044','普通座位','正常','2025-12-12 14:39:08','2025-12-12 14:39:08'),
(145,3,'045','电脑座位','正常','2025-12-12 14:39:08','2025-12-12 14:39:08'),
(146,3,'046','普通座位','正常','2025-12-12 14:39:08','2025-12-12 14:39:08'),
(147,3,'047','普通座位','正常','2025-12-12 14:39:08','2025-12-12 14:39:08'),
(148,3,'048','普通座位','正常','2025-12-12 14:39:08','2025-12-12 14:39:08'),
(149,3,'049','普通座位','正常','2025-12-12 14:39:08','2025-12-12 14:39:08'),
(150,3,'050','电脑座位','正常','2025-12-12 14:39:08','2025-12-12 14:39:08'),
(151,4,'001','普通座位','正常','2025-12-12 14:39:08','2025-12-12 14:39:08'),
(152,4,'002','普通座位','正常','2025-12-12 14:39:08','2025-12-12 14:39:08'),
(153,4,'003','电脑座位','正常','2025-12-12 14:39:08','2025-12-12 14:39:08'),
(154,4,'004','普通座位','正常','2025-12-12 14:39:08','2025-12-12 14:39:08'),
(155,4,'005','普通座位','正常','2025-12-12 14:39:08','2025-12-12 14:39:08'),
(156,4,'006','电脑座位','正常','2025-12-12 14:39:08','2025-12-12 14:39:08'),
(157,4,'007','普通座位','正常','2025-12-12 14:39:08','2025-12-12 14:39:08'),
(158,4,'008','普通座位','正常','2025-12-12 14:39:08','2025-12-12 14:39:08'),
(159,4,'009','普通座位','正常','2025-12-12 14:39:08','2025-12-12 14:39:08'),
(160,4,'010','电脑座位','正常','2025-12-12 14:39:08','2025-12-12 14:39:08'),
(161,4,'011','普通座位','正常','2025-12-12 14:39:08','2025-12-12 14:39:08'),
(162,4,'012','普通座位','正常','2025-12-12 14:39:08','2025-12-12 14:39:08'),
(163,4,'013','普通座位','正常','2025-12-12 14:39:08','2025-12-12 14:39:08'),
(164,4,'014','普通座位','正常','2025-12-12 14:39:08','2025-12-12 14:39:08'),
(165,4,'015','电脑座位','正常','2025-12-12 14:39:08','2025-12-12 14:39:08'),
(166,4,'016','普通座位','正常','2025-12-12 14:39:08','2025-12-12 14:39:08'),
(167,4,'017','普通座位','正常','2025-12-12 14:39:08','2025-12-12 14:39:08'),
(168,4,'018','普通座位','正常','2025-12-12 14:39:08','2025-12-12 14:39:08'),
(169,4,'019','普通座位','正常','2025-12-12 14:39:08','2025-12-12 14:39:08'),
(170,4,'020','电脑座位','正常','2025-12-12 14:39:08','2025-12-12 14:39:08'),
(171,4,'021','普通座位','正常','2025-12-12 14:39:08','2025-12-12 14:39:08'),
(172,4,'022','普通座位','正常','2025-12-12 14:39:08','2025-12-12 14:39:08'),
(173,4,'023','普通座位','正常','2025-12-12 14:39:08','2025-12-12 14:39:08'),
(174,4,'024','普通座位','正常','2025-12-12 14:39:08','2025-12-12 14:39:08'),
(175,4,'025','电脑座位','正常','2025-12-12 14:39:08','2025-12-12 14:39:08'),
(176,4,'026','普通座位','正常','2025-12-12 14:39:08','2025-12-12 14:39:08'),
(177,4,'027','普通座位','正常','2025-12-12 14:39:08','2025-12-12 14:39:08'),
(178,4,'028','普通座位','正常','2025-12-12 14:39:08','2025-12-12 14:39:08'),
(179,4,'029','普通座位','正常','2025-12-12 14:39:08','2025-12-12 14:39:08'),
(180,4,'030','电脑座位','正常','2025-12-12 14:39:08','2025-12-12 14:39:08'),
(181,4,'031','普通座位','正常','2025-12-12 14:39:08','2025-12-12 14:39:08'),
(182,4,'032','普通座位','正常','2025-12-12 14:39:08','2025-12-12 14:39:08'),
(183,4,'033','普通座位','正常','2025-12-12 14:39:08','2025-12-12 14:39:08'),
(184,4,'034','普通座位','正常','2025-12-12 14:39:08','2025-12-12 14:39:08'),
(185,4,'035','电脑座位','正常','2025-12-12 14:39:08','2025-12-12 14:39:08'),
(186,4,'036','普通座位','正常','2025-12-12 14:39:08','2025-12-12 14:39:08'),
(187,4,'037','普通座位','正常','2025-12-12 14:39:08','2025-12-12 14:39:08'),
(188,4,'038','普通座位','正常','2025-12-12 14:39:08','2025-12-12 14:39:08'),
(189,4,'039','普通座位','正常','2025-12-12 14:39:08','2025-12-12 14:39:08'),
(190,4,'040','电脑座位','正常','2025-12-12 14:39:08','2025-12-12 14:39:08'),
(191,4,'041','普通座位','正常','2025-12-12 14:39:08','2025-12-12 14:39:08'),
(192,4,'042','普通座位','正常','2025-12-12 14:39:08','2025-12-12 14:39:08'),
(193,4,'043','普通座位','正常','2025-12-12 14:39:08','2025-12-12 14:39:08'),
(194,4,'044','普通座位','正常','2025-12-12 14:39:08','2025-12-12 14:39:08'),
(195,4,'045','电脑座位','正常','2025-12-12 14:39:08','2025-12-12 14:39:08'),
(196,4,'046','普通座位','正常','2025-12-12 14:39:08','2025-12-12 14:39:08'),
(197,4,'047','普通座位','正常','2025-12-12 14:39:08','2025-12-12 14:39:08'),
(198,4,'048','普通座位','正常','2025-12-12 14:39:08','2025-12-12 14:39:08'),
(199,4,'049','普通座位','正常','2025-12-12 14:39:08','2025-12-12 14:39:08'),
(200,4,'050','电脑座位','正常','2025-12-12 14:39:08','2025-12-12 14:39:08'),
(201,5,'001','普通座位','正常','2025-12-12 14:39:08','2025-12-12 14:39:08'),
(202,5,'002','普通座位','正常','2025-12-12 14:39:08','2025-12-12 14:39:08'),
(203,5,'003','电脑座位','正常','2025-12-12 14:39:08','2025-12-12 14:39:08'),
(204,5,'004','普通座位','正常','2025-12-12 14:39:08','2025-12-12 14:39:08'),
(205,5,'005','普通座位','正常','2025-12-12 14:39:08','2025-12-12 14:39:08'),
(206,5,'006','电脑座位','正常','2025-12-12 14:39:08','2025-12-12 14:39:08'),
(207,5,'007','普通座位','正常','2025-12-12 14:39:08','2025-12-12 14:39:08'),
(208,5,'008','普通座位','正常','2025-12-12 14:39:08','2025-12-12 14:39:08'),
(209,5,'009','普通座位','正常','2025-12-12 14:39:08','2025-12-12 14:39:08'),
(210,5,'010','电脑座位','正常','2025-12-12 14:39:08','2025-12-12 14:39:08'),
(211,5,'011','普通座位','正常','2025-12-12 14:39:08','2025-12-12 14:39:08'),
(212,5,'012','普通座位','正常','2025-12-12 14:39:08','2025-12-12 14:39:08'),
(213,5,'013','普通座位','正常','2025-12-12 14:39:08','2025-12-12 14:39:08'),
(214,5,'014','普通座位','正常','2025-12-12 14:39:08','2025-12-12 14:39:08'),
(215,5,'015','电脑座位','正常','2025-12-12 14:39:08','2025-12-12 14:39:08'),
(216,5,'016','普通座位','正常','2025-12-12 14:39:08','2025-12-12 14:39:08'),
(217,5,'017','普通座位','正常','2025-12-12 14:39:08','2025-12-12 14:39:08'),
(218,5,'018','普通座位','正常','2025-12-12 14:39:08','2025-12-12 14:39:08'),
(219,5,'019','普通座位','正常','2025-12-12 14:39:08','2025-12-12 14:39:08'),
(220,5,'020','电脑座位','正常','2025-12-12 14:39:08','2025-12-12 14:39:08'),
(221,5,'021','普通座位','正常','2025-12-12 14:39:08','2025-12-12 14:39:08'),
(222,5,'022','普通座位','正常','2025-12-12 14:39:08','2025-12-12 14:39:08'),
(223,5,'023','普通座位','正常','2025-12-12 14:39:08','2025-12-12 14:39:08'),
(224,5,'024','普通座位','正常','2025-12-12 14:39:08','2025-12-12 14:39:08'),
(225,5,'025','电脑座位','正常','2025-12-12 14:39:08','2025-12-12 14:39:08'),
(226,5,'026','普通座位','正常','2025-12-12 14:39:08','2025-12-12 14:39:08'),
(227,5,'027','普通座位','正常','2025-12-12 14:39:08','2025-12-12 14:39:08'),
(228,5,'028','普通座位','正常','2025-12-12 14:39:08','2025-12-12 14:39:08'),
(229,5,'029','普通座位','正常','2025-12-12 14:39:08','2025-12-12 14:39:08'),
(230,5,'030','电脑座位','正常','2025-12-12 14:39:08','2025-12-12 14:39:08'),
(231,5,'031','普通座位','正常','2025-12-12 14:39:08','2025-12-12 14:39:08'),
(232,5,'032','普通座位','正常','2025-12-12 14:39:08','2025-12-12 14:39:08'),
(233,5,'033','普通座位','正常','2025-12-12 14:39:08','2025-12-12 14:39:08'),
(234,5,'034','普通座位','正常','2025-12-12 14:39:08','2025-12-12 14:39:08'),
(235,5,'035','电脑座位','正常','2025-12-12 14:39:08','2025-12-12 14:39:08'),
(236,5,'036','普通座位','正常','2025-12-12 14:39:08','2025-12-12 14:39:08'),
(237,5,'037','普通座位','正常','2025-12-12 14:39:08','2025-12-12 14:39:08'),
(238,5,'038','普通座位','正常','2025-12-12 14:39:08','2025-12-12 14:39:08'),
(239,5,'039','普通座位','正常','2025-12-12 14:39:08','2025-12-12 14:39:08'),
(240,5,'040','电脑座位','正常','2025-12-12 14:39:08','2025-12-12 14:39:08'),
(241,5,'041','普通座位','正常','2025-12-12 14:39:08','2025-12-12 14:39:08'),
(242,5,'042','普通座位','正常','2025-12-12 14:39:08','2025-12-12 14:39:08'),
(243,5,'043','普通座位','正常','2025-12-12 14:39:08','2025-12-12 14:39:08'),
(244,5,'044','普通座位','正常','2025-12-12 14:39:08','2025-12-12 14:39:08'),
(245,5,'045','电脑座位','正常','2025-12-12 14:39:08','2025-12-12 14:39:08'),
(246,5,'046','普通座位','正常','2025-12-12 14:39:08','2025-12-12 14:39:08'),
(247,5,'047','普通座位','正常','2025-12-12 14:39:08','2025-12-12 14:39:08'),
(248,5,'048','普通座位','正常','2025-12-12 14:39:08','2025-12-12 14:39:08'),
(249,5,'049','普通座位','正常','2025-12-12 14:39:08','2025-12-12 14:39:08'),
(250,5,'050','电脑座位','正常','2025-12-12 14:39:08','2025-12-12 14:39:08'),
(251,6,'001','普通座位','正常','2025-12-12 14:39:08','2025-12-12 14:39:08'),
(252,6,'002','普通座位','正常','2025-12-12 14:39:08','2025-12-12 14:39:08'),
(253,6,'003','电脑座位','正常','2025-12-12 14:39:08','2025-12-12 14:39:08'),
(254,6,'004','普通座位','正常','2025-12-12 14:39:08','2025-12-12 14:39:08'),
(255,6,'005','普通座位','正常','2025-12-12 14:39:08','2025-12-12 14:39:08'),
(256,6,'006','电脑座位','正常','2025-12-12 14:39:08','2025-12-12 14:39:08'),
(257,6,'007','普通座位','正常','2025-12-12 14:39:08','2025-12-12 14:39:08'),
(258,6,'008','普通座位','正常','2025-12-12 14:39:08','2025-12-12 14:39:08'),
(259,6,'009','普通座位','正常','2025-12-12 14:39:08','2025-12-12 14:39:08'),
(260,6,'010','电脑座位','正常','2025-12-12 14:39:08','2025-12-12 14:39:08'),
(261,6,'011','普通座位','正常','2025-12-12 14:39:08','2025-12-12 14:39:08'),
(262,6,'012','普通座位','正常','2025-12-12 14:39:08','2025-12-12 14:39:08'),
(263,6,'013','普通座位','正常','2025-12-12 14:39:08','2025-12-12 14:39:08'),
(264,6,'014','普通座位','正常','2025-12-12 14:39:08','2025-12-12 14:39:08'),
(265,6,'015','电脑座位','正常','2025-12-12 14:39:08','2025-12-12 14:39:08'),
(266,6,'016','普通座位','正常','2025-12-12 14:39:08','2025-12-12 14:39:08'),
(267,6,'017','普通座位','正常','2025-12-12 14:39:08','2025-12-12 14:39:08'),
(268,6,'018','普通座位','正常','2025-12-12 14:39:08','2025-12-12 14:39:08'),
(269,6,'019','普通座位','正常','2025-12-12 14:39:08','2025-12-12 14:39:08'),
(270,6,'020','电脑座位','正常','2025-12-12 14:39:08','2025-12-12 14:39:08'),
(271,6,'021','普通座位','正常','2025-12-12 14:39:08','2025-12-12 14:39:08'),
(272,6,'022','普通座位','正常','2025-12-12 14:39:08','2025-12-12 14:39:08'),
(273,6,'023','普通座位','正常','2025-12-12 14:39:08','2025-12-12 14:39:08'),
(274,6,'024','普通座位','正常','2025-12-12 14:39:08','2025-12-12 14:39:08'),
(275,6,'025','电脑座位','正常','2025-12-12 14:39:08','2025-12-12 14:39:08'),
(276,6,'026','普通座位','正常','2025-12-12 14:39:08','2025-12-12 14:39:08'),
(277,6,'027','普通座位','正常','2025-12-12 14:39:08','2025-12-12 14:39:08'),
(278,6,'028','普通座位','正常','2025-12-12 14:39:08','2025-12-12 14:39:08'),
(279,6,'029','普通座位','正常','2025-12-12 14:39:08','2025-12-12 14:39:08'),
(280,6,'030','电脑座位','正常','2025-12-12 14:39:08','2025-12-12 14:39:08'),
(281,6,'031','普通座位','正常','2025-12-12 14:39:08','2025-12-12 14:39:08'),
(282,6,'032','普通座位','正常','2025-12-12 14:39:08','2025-12-12 14:39:08'),
(283,6,'033','普通座位','正常','2025-12-12 14:39:08','2025-12-12 14:39:08'),
(284,6,'034','普通座位','正常','2025-12-12 14:39:08','2025-12-12 14:39:08'),
(285,6,'035','电脑座位','正常','2025-12-12 14:39:08','2025-12-12 14:39:08'),
(286,6,'036','普通座位','正常','2025-12-12 14:39:08','2025-12-12 14:39:08'),
(287,6,'037','普通座位','正常','2025-12-12 14:39:08','2025-12-12 14:39:08'),
(288,6,'038','普通座位','正常','2025-12-12 14:39:08','2025-12-12 14:39:08'),
(289,6,'039','普通座位','正常','2025-12-12 14:39:08','2025-12-12 14:39:08'),
(290,6,'040','电脑座位','正常','2025-12-12 14:39:08','2025-12-12 14:39:08'),
(291,6,'041','普通座位','正常','2025-12-12 14:39:08','2025-12-12 14:39:08'),
(292,6,'042','普通座位','正常','2025-12-12 14:39:08','2025-12-12 14:39:08'),
(293,6,'043','普通座位','正常','2025-12-12 14:39:08','2025-12-12 14:39:08'),
(294,6,'044','普通座位','正常','2025-12-12 14:39:08','2025-12-12 14:39:08'),
(295,6,'045','电脑座位','正常','2025-12-12 14:39:08','2025-12-12 14:39:08'),
(296,6,'046','普通座位','正常','2025-12-12 14:39:08','2025-12-12 14:39:08'),
(297,6,'047','普通座位','正常','2025-12-12 14:39:08','2025-12-12 14:39:08'),
(298,6,'048','普通座位','正常','2025-12-12 14:39:08','2025-12-12 14:39:08'),
(299,6,'049','普通座位','正常','2025-12-12 14:39:08','2025-12-12 14:39:08'),
(300,6,'050','电脑座位','正常','2025-12-12 14:39:08','2025-12-12 14:39:08'),
(301,7,'001','普通座位','正常','2025-12-12 14:39:08','2025-12-12 14:39:08'),
(302,7,'002','普通座位','正常','2025-12-12 14:39:08','2025-12-12 14:39:08'),
(303,7,'003','电脑座位','正常','2025-12-12 14:39:08','2025-12-12 14:39:08'),
(304,7,'004','普通座位','正常','2025-12-12 14:39:08','2025-12-12 14:39:08'),
(305,7,'005','普通座位','正常','2025-12-12 14:39:08','2025-12-12 14:39:08'),
(306,7,'006','电脑座位','正常','2025-12-12 14:39:08','2025-12-12 14:39:08'),
(307,7,'007','普通座位','正常','2025-12-12 14:39:08','2025-12-12 14:39:08'),
(308,7,'008','普通座位','正常','2025-12-12 14:39:08','2025-12-12 14:39:08'),
(309,7,'009','普通座位','正常','2025-12-12 14:39:08','2025-12-12 14:39:08'),
(310,7,'010','电脑座位','正常','2025-12-12 14:39:08','2025-12-12 14:39:08'),
(311,7,'011','普通座位','正常','2025-12-12 14:39:08','2025-12-12 14:39:08'),
(312,7,'012','普通座位','正常','2025-12-12 14:39:08','2025-12-12 14:39:08'),
(313,7,'013','普通座位','正常','2025-12-12 14:39:08','2025-12-12 14:39:08'),
(314,7,'014','普通座位','正常','2025-12-12 14:39:08','2025-12-12 14:39:08'),
(315,7,'015','电脑座位','正常','2025-12-12 14:39:08','2025-12-12 14:39:08'),
(316,7,'016','普通座位','正常','2025-12-12 14:39:08','2025-12-12 14:39:08'),
(317,7,'017','普通座位','正常','2025-12-12 14:39:08','2025-12-12 14:39:08'),
(318,7,'018','普通座位','正常','2025-12-12 14:39:08','2025-12-12 14:39:08'),
(319,7,'019','普通座位','正常','2025-12-12 14:39:08','2025-12-12 14:39:08'),
(320,7,'020','电脑座位','正常','2025-12-12 14:39:08','2025-12-12 14:39:08'),
(321,7,'021','普通座位','正常','2025-12-12 14:39:08','2025-12-12 14:39:08'),
(322,7,'022','普通座位','正常','2025-12-12 14:39:08','2025-12-12 14:39:08'),
(323,7,'023','普通座位','正常','2025-12-12 14:39:08','2025-12-12 14:39:08'),
(324,7,'024','普通座位','正常','2025-12-12 14:39:08','2025-12-12 14:39:08'),
(325,7,'025','电脑座位','正常','2025-12-12 14:39:08','2025-12-12 14:39:08'),
(326,7,'026','普通座位','正常','2025-12-12 14:39:08','2025-12-12 14:39:08'),
(327,7,'027','普通座位','正常','2025-12-12 14:39:08','2025-12-12 14:39:08'),
(328,7,'028','普通座位','正常','2025-12-12 14:39:08','2025-12-12 14:39:08'),
(329,7,'029','普通座位','正常','2025-12-12 14:39:08','2025-12-12 14:39:08'),
(330,7,'030','电脑座位','正常','2025-12-12 14:39:08','2025-12-12 14:39:08'),
(331,7,'031','普通座位','正常','2025-12-12 14:39:08','2025-12-12 14:39:08'),
(332,7,'032','普通座位','正常','2025-12-12 14:39:08','2025-12-12 14:39:08'),
(333,7,'033','普通座位','正常','2025-12-12 14:39:08','2025-12-12 14:39:08'),
(334,7,'034','普通座位','正常','2025-12-12 14:39:08','2025-12-12 14:39:08'),
(335,7,'035','电脑座位','正常','2025-12-12 14:39:08','2025-12-12 14:39:08'),
(336,7,'036','普通座位','正常','2025-12-12 14:39:08','2025-12-12 14:39:08'),
(337,7,'037','普通座位','正常','2025-12-12 14:39:08','2025-12-12 14:39:08'),
(338,7,'038','普通座位','正常','2025-12-12 14:39:08','2025-12-12 14:39:08'),
(339,7,'039','普通座位','正常','2025-12-12 14:39:08','2025-12-12 14:39:08'),
(340,7,'040','电脑座位','正常','2025-12-12 14:39:08','2025-12-12 14:39:08'),
(341,7,'041','普通座位','正常','2025-12-12 14:39:08','2025-12-12 14:39:08'),
(342,7,'042','普通座位','正常','2025-12-12 14:39:08','2025-12-12 14:39:08'),
(343,7,'043','普通座位','正常','2025-12-12 14:39:08','2025-12-12 14:39:08'),
(344,7,'044','普通座位','正常','2025-12-12 14:39:08','2025-12-12 14:39:08'),
(345,7,'045','电脑座位','正常','2025-12-12 14:39:08','2025-12-12 14:39:08'),
(346,7,'046','普通座位','正常','2025-12-12 14:39:08','2025-12-12 14:39:08'),
(347,7,'047','普通座位','正常','2025-12-12 14:39:08','2025-12-12 14:39:08'),
(348,7,'048','普通座位','正常','2025-12-12 14:39:08','2025-12-12 14:39:08'),
(349,7,'049','普通座位','正常','2025-12-12 14:39:08','2025-12-12 14:39:08'),
(350,7,'050','电脑座位','正常','2025-12-12 14:39:08','2025-12-12 14:39:08'),
(351,8,'001','普通座位','正常','2025-12-12 14:39:08','2025-12-12 14:39:08'),
(352,8,'002','普通座位','正常','2025-12-12 14:39:08','2025-12-12 14:39:08'),
(353,8,'003','电脑座位','正常','2025-12-12 14:39:08','2025-12-12 14:39:08'),
(354,8,'004','普通座位','正常','2025-12-12 14:39:08','2025-12-12 14:39:08'),
(355,8,'005','普通座位','正常','2025-12-12 14:39:08','2025-12-12 14:39:08'),
(356,8,'006','电脑座位','正常','2025-12-12 14:39:08','2025-12-12 14:39:08'),
(357,8,'007','普通座位','正常','2025-12-12 14:39:08','2025-12-12 14:39:08'),
(358,8,'008','普通座位','正常','2025-12-12 14:39:08','2025-12-12 14:39:08'),
(359,8,'009','普通座位','正常','2025-12-12 14:39:08','2025-12-12 14:39:08'),
(360,8,'010','电脑座位','正常','2025-12-12 14:39:08','2025-12-12 14:39:08'),
(361,8,'011','普通座位','正常','2025-12-12 14:39:08','2025-12-12 14:39:08'),
(362,8,'012','普通座位','正常','2025-12-12 14:39:08','2025-12-12 14:39:08'),
(363,8,'013','普通座位','正常','2025-12-12 14:39:08','2025-12-12 14:39:08'),
(364,8,'014','普通座位','正常','2025-12-12 14:39:08','2025-12-12 14:39:08'),
(365,8,'015','电脑座位','正常','2025-12-12 14:39:08','2025-12-12 14:39:08'),
(366,8,'016','普通座位','正常','2025-12-12 14:39:08','2025-12-12 14:39:08'),
(367,8,'017','普通座位','正常','2025-12-12 14:39:08','2025-12-12 14:39:08'),
(368,8,'018','普通座位','正常','2025-12-12 14:39:08','2025-12-12 14:39:08'),
(369,8,'019','普通座位','正常','2025-12-12 14:39:08','2025-12-12 14:39:08'),
(370,8,'020','电脑座位','正常','2025-12-12 14:39:08','2025-12-12 14:39:08'),
(371,8,'021','普通座位','正常','2025-12-12 14:39:08','2025-12-12 14:39:08'),
(372,8,'022','普通座位','正常','2025-12-12 14:39:08','2025-12-12 14:39:08'),
(373,8,'023','普通座位','正常','2025-12-12 14:39:08','2025-12-12 14:39:08'),
(374,8,'024','普通座位','正常','2025-12-12 14:39:08','2025-12-12 14:39:08'),
(375,8,'025','电脑座位','正常','2025-12-12 14:39:08','2025-12-12 14:39:08'),
(376,8,'026','普通座位','正常','2025-12-12 14:39:08','2025-12-12 14:39:08'),
(377,8,'027','普通座位','正常','2025-12-12 14:39:08','2025-12-12 14:39:08'),
(378,8,'028','普通座位','正常','2025-12-12 14:39:08','2025-12-12 14:39:08'),
(379,8,'029','普通座位','正常','2025-12-12 14:39:08','2025-12-12 14:39:08'),
(380,8,'030','电脑座位','正常','2025-12-12 14:39:08','2025-12-12 14:39:08'),
(381,8,'031','普通座位','正常','2025-12-12 14:39:08','2025-12-12 14:39:08'),
(382,8,'032','普通座位','正常','2025-12-12 14:39:08','2025-12-12 14:39:08'),
(383,8,'033','普通座位','正常','2025-12-12 14:39:08','2025-12-12 14:39:08'),
(384,8,'034','普通座位','正常','2025-12-12 14:39:08','2025-12-12 14:39:08'),
(385,8,'035','电脑座位','正常','2025-12-12 14:39:08','2025-12-12 14:39:08'),
(386,8,'036','普通座位','正常','2025-12-12 14:39:08','2025-12-12 14:39:08'),
(387,8,'037','普通座位','正常','2025-12-12 14:39:08','2025-12-12 14:39:08'),
(388,8,'038','普通座位','正常','2025-12-12 14:39:08','2025-12-12 14:39:08'),
(389,8,'039','普通座位','正常','2025-12-12 14:39:08','2025-12-12 14:39:08'),
(390,8,'040','电脑座位','正常','2025-12-12 14:39:08','2025-12-12 14:39:08'),
(391,8,'041','普通座位','正常','2025-12-12 14:39:08','2025-12-12 14:39:08'),
(392,8,'042','普通座位','正常','2025-12-12 14:39:08','2025-12-12 14:39:08'),
(393,8,'043','普通座位','正常','2025-12-12 14:39:08','2025-12-12 14:39:08'),
(394,8,'044','普通座位','正常','2025-12-12 14:39:08','2025-12-12 14:39:08'),
(395,8,'045','电脑座位','正常','2025-12-12 14:39:08','2025-12-12 14:39:08'),
(396,8,'046','普通座位','正常','2025-12-12 14:39:08','2025-12-12 14:39:08'),
(397,8,'047','普通座位','正常','2025-12-12 14:39:08','2025-12-12 14:39:08'),
(398,8,'048','普通座位','正常','2025-12-12 14:39:08','2025-12-12 14:39:08'),
(399,8,'049','普通座位','正常','2025-12-12 14:39:08','2025-12-12 14:39:08'),
(400,8,'050','电脑座位','正常','2025-12-12 14:39:08','2025-12-12 14:39:08'),
(401,9,'001','普通座位','正常','2025-12-12 14:39:08','2025-12-12 14:39:08'),
(402,9,'002','普通座位','正常','2025-12-12 14:39:08','2025-12-12 14:39:08'),
(403,9,'003','电脑座位','正常','2025-12-12 14:39:08','2025-12-12 14:39:08'),
(404,9,'004','普通座位','正常','2025-12-12 14:39:08','2025-12-12 14:39:08'),
(405,9,'005','普通座位','正常','2025-12-12 14:39:08','2025-12-12 14:39:08'),
(406,9,'006','电脑座位','正常','2025-12-12 14:39:08','2025-12-12 14:39:08'),
(407,9,'007','普通座位','正常','2025-12-12 14:39:08','2025-12-12 14:39:08'),
(408,9,'008','普通座位','正常','2025-12-12 14:39:08','2025-12-12 14:39:08'),
(409,9,'009','普通座位','正常','2025-12-12 14:39:08','2025-12-12 14:39:08'),
(410,9,'010','电脑座位','正常','2025-12-12 14:39:08','2025-12-12 14:39:08'),
(411,9,'011','普通座位','正常','2025-12-12 14:39:08','2025-12-12 14:39:08'),
(412,9,'012','普通座位','正常','2025-12-12 14:39:08','2025-12-12 14:39:08'),
(413,9,'013','普通座位','正常','2025-12-12 14:39:08','2025-12-12 14:39:08'),
(414,9,'014','普通座位','正常','2025-12-12 14:39:08','2025-12-12 14:39:08'),
(415,9,'015','电脑座位','正常','2025-12-12 14:39:08','2025-12-12 14:39:08'),
(416,9,'016','普通座位','正常','2025-12-12 14:39:08','2025-12-12 14:39:08'),
(417,9,'017','普通座位','正常','2025-12-12 14:39:08','2025-12-12 14:39:08'),
(418,9,'018','普通座位','正常','2025-12-12 14:39:08','2025-12-12 14:39:08'),
(419,9,'019','普通座位','正常','2025-12-12 14:39:08','2025-12-12 14:39:08'),
(420,9,'020','电脑座位','正常','2025-12-12 14:39:08','2025-12-12 14:39:08'),
(421,9,'021','普通座位','正常','2025-12-12 14:39:08','2025-12-12 14:39:08'),
(422,9,'022','普通座位','正常','2025-12-12 14:39:08','2025-12-12 14:39:08'),
(423,9,'023','普通座位','正常','2025-12-12 14:39:08','2025-12-12 14:39:08'),
(424,9,'024','普通座位','正常','2025-12-12 14:39:08','2025-12-12 14:39:08'),
(425,9,'025','电脑座位','正常','2025-12-12 14:39:08','2025-12-12 14:39:08'),
(426,9,'026','普通座位','正常','2025-12-12 14:39:08','2025-12-12 14:39:08'),
(427,9,'027','普通座位','正常','2025-12-12 14:39:08','2025-12-12 14:39:08'),
(428,9,'028','普通座位','正常','2025-12-12 14:39:08','2025-12-12 14:39:08'),
(429,9,'029','普通座位','正常','2025-12-12 14:39:08','2025-12-12 14:39:08'),
(430,9,'030','电脑座位','正常','2025-12-12 14:39:08','2025-12-12 14:39:08'),
(431,9,'031','普通座位','正常','2025-12-12 14:39:08','2025-12-12 14:39:08'),
(432,9,'032','普通座位','正常','2025-12-12 14:39:08','2025-12-12 14:39:08'),
(433,9,'033','普通座位','正常','2025-12-12 14:39:08','2025-12-12 14:39:08'),
(434,9,'034','普通座位','正常','2025-12-12 14:39:08','2025-12-12 14:39:08'),
(435,9,'035','电脑座位','正常','2025-12-12 14:39:08','2025-12-12 14:39:08'),
(436,9,'036','普通座位','正常','2025-12-12 14:39:08','2025-12-12 14:39:08'),
(437,9,'037','普通座位','正常','2025-12-12 14:39:08','2025-12-12 14:39:08'),
(438,9,'038','普通座位','正常','2025-12-12 14:39:08','2025-12-12 14:39:08'),
(439,9,'039','普通座位','正常','2025-12-12 14:39:08','2025-12-12 14:39:08'),
(440,9,'040','电脑座位','正常','2025-12-12 14:39:08','2025-12-12 14:39:08'),
(441,9,'041','普通座位','正常','2025-12-12 14:39:08','2025-12-12 14:39:08'),
(442,9,'042','普通座位','正常','2025-12-12 14:39:08','2025-12-12 14:39:08'),
(443,9,'043','普通座位','正常','2025-12-12 14:39:08','2025-12-12 14:39:08'),
(444,9,'044','普通座位','正常','2025-12-12 14:39:08','2025-12-12 14:39:08'),
(445,9,'045','电脑座位','正常','2025-12-12 14:39:08','2025-12-12 14:39:08'),
(446,9,'046','普通座位','正常','2025-12-12 14:39:08','2025-12-12 14:39:08'),
(447,9,'047','普通座位','正常','2025-12-12 14:39:08','2025-12-12 14:39:08'),
(448,9,'048','普通座位','正常','2025-12-12 14:39:08','2025-12-12 14:39:08'),
(449,9,'049','普通座位','正常','2025-12-12 14:39:08','2025-12-12 14:39:08'),
(450,9,'050','电脑座位','正常','2025-12-12 14:39:08','2025-12-12 14:39:08'),
(451,10,'001','普通座位','正常','2025-12-12 14:39:08','2025-12-12 14:39:08'),
(452,10,'002','普通座位','正常','2025-12-12 14:39:08','2025-12-12 14:39:08'),
(453,10,'003','电脑座位','正常','2025-12-12 14:39:08','2025-12-12 14:39:08'),
(454,10,'004','普通座位','正常','2025-12-12 14:39:08','2025-12-12 14:39:08'),
(455,10,'005','普通座位','正常','2025-12-12 14:39:08','2025-12-12 14:39:08'),
(456,10,'006','电脑座位','正常','2025-12-12 14:39:08','2025-12-12 14:39:08'),
(457,10,'007','普通座位','正常','2025-12-12 14:39:08','2025-12-12 14:39:08'),
(458,10,'008','普通座位','正常','2025-12-12 14:39:08','2025-12-12 14:39:08'),
(459,10,'009','普通座位','正常','2025-12-12 14:39:08','2025-12-12 14:39:08'),
(460,10,'010','电脑座位','正常','2025-12-12 14:39:08','2025-12-12 14:39:08'),
(461,10,'011','普通座位','正常','2025-12-12 14:39:08','2025-12-12 14:39:08'),
(462,10,'012','普通座位','正常','2025-12-12 14:39:08','2025-12-12 14:39:08'),
(463,10,'013','普通座位','正常','2025-12-12 14:39:08','2025-12-12 14:39:08'),
(464,10,'014','普通座位','正常','2025-12-12 14:39:08','2025-12-12 14:39:08'),
(465,10,'015','电脑座位','正常','2025-12-12 14:39:08','2025-12-12 14:39:08'),
(466,10,'016','普通座位','正常','2025-12-12 14:39:08','2025-12-12 14:39:08'),
(467,10,'017','普通座位','正常','2025-12-12 14:39:08','2025-12-12 14:39:08'),
(468,10,'018','普通座位','正常','2025-12-12 14:39:08','2025-12-12 14:39:08'),
(469,10,'019','普通座位','正常','2025-12-12 14:39:08','2025-12-12 14:39:08'),
(470,10,'020','电脑座位','正常','2025-12-12 14:39:08','2025-12-12 14:39:08'),
(471,10,'021','普通座位','正常','2025-12-12 14:39:08','2025-12-12 14:39:08'),
(472,10,'022','普通座位','正常','2025-12-12 14:39:08','2025-12-12 14:39:08'),
(473,10,'023','普通座位','正常','2025-12-12 14:39:08','2025-12-12 14:39:08'),
(474,10,'024','普通座位','正常','2025-12-12 14:39:08','2025-12-12 14:39:08'),
(475,10,'025','电脑座位','正常','2025-12-12 14:39:08','2025-12-12 14:39:08'),
(476,10,'026','普通座位','正常','2025-12-12 14:39:08','2025-12-12 14:39:08'),
(477,10,'027','普通座位','正常','2025-12-12 14:39:08','2025-12-12 14:39:08'),
(478,10,'028','普通座位','正常','2025-12-12 14:39:08','2025-12-12 14:39:08'),
(479,10,'029','普通座位','正常','2025-12-12 14:39:08','2025-12-12 14:39:08'),
(480,10,'030','电脑座位','正常','2025-12-12 14:39:08','2025-12-12 14:39:08'),
(481,10,'031','普通座位','正常','2025-12-12 14:39:08','2025-12-12 14:39:08'),
(482,10,'032','普通座位','正常','2025-12-12 14:39:08','2025-12-12 14:39:08'),
(483,10,'033','普通座位','正常','2025-12-12 14:39:08','2025-12-12 14:39:08'),
(484,10,'034','普通座位','正常','2025-12-12 14:39:08','2025-12-12 14:39:08'),
(485,10,'035','电脑座位','正常','2025-12-12 14:39:08','2025-12-12 14:39:08'),
(486,10,'036','普通座位','正常','2025-12-12 14:39:08','2025-12-12 14:39:08'),
(487,10,'037','普通座位','正常','2025-12-12 14:39:08','2025-12-12 14:39:08'),
(488,10,'038','普通座位','正常','2025-12-12 14:39:08','2025-12-12 14:39:08'),
(489,10,'039','普通座位','正常','2025-12-12 14:39:08','2025-12-12 14:39:08'),
(490,10,'040','电脑座位','正常','2025-12-12 14:39:08','2025-12-12 14:39:08'),
(491,10,'041','普通座位','正常','2025-12-12 14:39:08','2025-12-12 14:39:08'),
(492,10,'042','普通座位','正常','2025-12-12 14:39:08','2025-12-12 14:39:08'),
(493,10,'043','普通座位','正常','2025-12-12 14:39:08','2025-12-12 14:39:08'),
(494,10,'044','普通座位','正常','2025-12-12 14:39:08','2025-12-12 14:39:08'),
(495,10,'045','电脑座位','正常','2025-12-12 14:39:08','2025-12-12 14:39:08'),
(496,10,'046','普通座位','正常','2025-12-12 14:39:08','2025-12-12 14:39:08'),
(497,10,'047','普通座位','正常','2025-12-12 14:39:08','2025-12-12 14:39:08'),
(498,10,'048','普通座位','正常','2025-12-12 14:39:08','2025-12-12 14:39:08'),
(499,10,'049','普通座位','正常','2025-12-12 14:39:08','2025-12-12 14:39:08'),
(500,10,'050','电脑座位','正常','2025-12-12 14:39:08','2025-12-12 14:39:08'),
(501,11,'001','普通座位','正常','2025-12-12 14:39:08','2025-12-12 14:39:08'),
(502,11,'002','普通座位','正常','2025-12-12 14:39:08','2025-12-12 14:39:08'),
(503,11,'003','电脑座位','正常','2025-12-12 14:39:08','2025-12-12 14:39:08'),
(504,11,'004','普通座位','正常','2025-12-12 14:39:08','2025-12-12 14:39:08'),
(505,11,'005','普通座位','正常','2025-12-12 14:39:08','2025-12-12 14:39:08'),
(506,11,'006','电脑座位','正常','2025-12-12 14:39:08','2025-12-12 14:39:08'),
(507,11,'007','普通座位','正常','2025-12-12 14:39:08','2025-12-12 14:39:08'),
(508,11,'008','普通座位','正常','2025-12-12 14:39:08','2025-12-12 14:39:08'),
(509,11,'009','普通座位','正常','2025-12-12 14:39:08','2025-12-12 14:39:08'),
(510,11,'010','电脑座位','正常','2025-12-12 14:39:08','2025-12-12 14:39:08'),
(511,11,'011','普通座位','正常','2025-12-12 14:39:08','2025-12-12 14:39:08'),
(512,11,'012','普通座位','正常','2025-12-12 14:39:08','2025-12-12 14:39:08'),
(513,11,'013','普通座位','正常','2025-12-12 14:39:08','2025-12-12 14:39:08'),
(514,11,'014','普通座位','正常','2025-12-12 14:39:08','2025-12-12 14:39:08'),
(515,11,'015','电脑座位','正常','2025-12-12 14:39:08','2025-12-12 14:39:08'),
(516,11,'016','普通座位','正常','2025-12-12 14:39:08','2025-12-12 14:39:08'),
(517,11,'017','普通座位','正常','2025-12-12 14:39:08','2025-12-12 14:39:08'),
(518,11,'018','普通座位','正常','2025-12-12 14:39:08','2025-12-12 14:39:08'),
(519,11,'019','普通座位','正常','2025-12-12 14:39:08','2025-12-12 14:39:08'),
(520,11,'020','电脑座位','正常','2025-12-12 14:39:08','2025-12-12 14:39:08'),
(521,11,'021','普通座位','正常','2025-12-12 14:39:08','2025-12-12 14:39:08'),
(522,11,'022','普通座位','正常','2025-12-12 14:39:08','2025-12-12 14:39:08'),
(523,11,'023','普通座位','正常','2025-12-12 14:39:08','2025-12-12 14:39:08'),
(524,11,'024','普通座位','正常','2025-12-12 14:39:08','2025-12-12 14:39:08'),
(525,11,'025','电脑座位','正常','2025-12-12 14:39:08','2025-12-12 14:39:08'),
(526,11,'026','普通座位','正常','2025-12-12 14:39:08','2025-12-12 14:39:08'),
(527,11,'027','普通座位','正常','2025-12-12 14:39:08','2025-12-12 14:39:08'),
(528,11,'028','普通座位','正常','2025-12-12 14:39:08','2025-12-12 14:39:08'),
(529,11,'029','普通座位','正常','2025-12-12 14:39:08','2025-12-12 14:39:08'),
(530,11,'030','电脑座位','正常','2025-12-12 14:39:08','2025-12-12 14:39:08'),
(531,11,'031','普通座位','正常','2025-12-12 14:39:08','2025-12-12 14:39:08'),
(532,11,'032','普通座位','正常','2025-12-12 14:39:08','2025-12-12 14:39:08'),
(533,11,'033','普通座位','正常','2025-12-12 14:39:08','2025-12-12 14:39:08'),
(534,11,'034','普通座位','正常','2025-12-12 14:39:08','2025-12-12 14:39:08'),
(535,11,'035','电脑座位','正常','2025-12-12 14:39:08','2025-12-12 14:39:08'),
(536,11,'036','普通座位','正常','2025-12-12 14:39:08','2025-12-12 14:39:08'),
(537,11,'037','普通座位','正常','2025-12-12 14:39:08','2025-12-12 14:39:08'),
(538,11,'038','普通座位','正常','2025-12-12 14:39:08','2025-12-12 14:39:08'),
(539,11,'039','普通座位','正常','2025-12-12 14:39:08','2025-12-12 14:39:08'),
(540,11,'040','电脑座位','正常','2025-12-12 14:39:08','2025-12-12 14:39:08'),
(541,11,'041','普通座位','正常','2025-12-12 14:39:08','2025-12-12 14:39:08'),
(542,11,'042','普通座位','正常','2025-12-12 14:39:08','2025-12-12 14:39:08'),
(543,11,'043','普通座位','正常','2025-12-12 14:39:08','2025-12-12 14:39:08'),
(544,11,'044','普通座位','正常','2025-12-12 14:39:08','2025-12-12 14:39:08'),
(545,11,'045','电脑座位','正常','2025-12-12 14:39:08','2025-12-12 14:39:08'),
(546,11,'046','普通座位','正常','2025-12-12 14:39:08','2025-12-12 14:39:08'),
(547,11,'047','普通座位','正常','2025-12-12 14:39:08','2025-12-12 14:39:08'),
(548,11,'048','普通座位','正常','2025-12-12 14:39:08','2025-12-12 14:39:08'),
(549,11,'049','普通座位','正常','2025-12-12 14:39:08','2025-12-12 14:39:08'),
(550,11,'050','电脑座位','正常','2025-12-12 14:39:08','2025-12-12 14:39:08'),
(551,12,'001','普通座位','正常','2025-12-12 14:39:08','2025-12-12 14:39:08'),
(552,12,'002','普通座位','正常','2025-12-12 14:39:08','2025-12-12 14:39:08'),
(553,12,'003','电脑座位','正常','2025-12-12 14:39:08','2025-12-12 14:39:08'),
(554,12,'004','普通座位','正常','2025-12-12 14:39:08','2025-12-12 14:39:08'),
(555,12,'005','普通座位','正常','2025-12-12 14:39:08','2025-12-12 14:39:08'),
(556,12,'006','电脑座位','正常','2025-12-12 14:39:08','2025-12-12 14:39:08'),
(557,12,'007','普通座位','正常','2025-12-12 14:39:08','2025-12-12 14:39:08'),
(558,12,'008','普通座位','正常','2025-12-12 14:39:08','2025-12-12 14:39:08'),
(559,12,'009','普通座位','正常','2025-12-12 14:39:08','2025-12-12 14:39:08'),
(560,12,'010','电脑座位','正常','2025-12-12 14:39:08','2025-12-12 14:39:08'),
(561,12,'011','普通座位','正常','2025-12-12 14:39:08','2025-12-12 14:39:08'),
(562,12,'012','普通座位','正常','2025-12-12 14:39:08','2025-12-12 14:39:08'),
(563,12,'013','普通座位','正常','2025-12-12 14:39:08','2025-12-12 14:39:08'),
(564,12,'014','普通座位','正常','2025-12-12 14:39:08','2025-12-12 14:39:08'),
(565,12,'015','电脑座位','正常','2025-12-12 14:39:08','2025-12-12 14:39:08'),
(566,12,'016','普通座位','正常','2025-12-12 14:39:08','2025-12-12 14:39:08'),
(567,12,'017','普通座位','正常','2025-12-12 14:39:08','2025-12-12 14:39:08'),
(568,12,'018','普通座位','正常','2025-12-12 14:39:08','2025-12-12 14:39:08'),
(569,12,'019','普通座位','正常','2025-12-12 14:39:08','2025-12-12 14:39:08'),
(570,12,'020','电脑座位','正常','2025-12-12 14:39:08','2025-12-12 14:39:08'),
(571,12,'021','普通座位','正常','2025-12-12 14:39:08','2025-12-12 14:39:08'),
(572,12,'022','普通座位','正常','2025-12-12 14:39:08','2025-12-12 14:39:08'),
(573,12,'023','普通座位','正常','2025-12-12 14:39:08','2025-12-12 14:39:08'),
(574,12,'024','普通座位','正常','2025-12-12 14:39:08','2025-12-12 14:39:08'),
(575,12,'025','电脑座位','正常','2025-12-12 14:39:08','2025-12-12 14:39:08'),
(576,12,'026','普通座位','正常','2025-12-12 14:39:08','2025-12-12 14:39:08'),
(577,12,'027','普通座位','正常','2025-12-12 14:39:08','2025-12-12 14:39:08'),
(578,12,'028','普通座位','正常','2025-12-12 14:39:08','2025-12-12 14:39:08'),
(579,12,'029','普通座位','正常','2025-12-12 14:39:08','2025-12-12 14:39:08'),
(580,12,'030','电脑座位','正常','2025-12-12 14:39:08','2025-12-12 14:39:08'),
(581,12,'031','普通座位','正常','2025-12-12 14:39:08','2025-12-12 14:39:08'),
(582,12,'032','普通座位','正常','2025-12-12 14:39:08','2025-12-12 14:39:08'),
(583,12,'033','普通座位','正常','2025-12-12 14:39:08','2025-12-12 14:39:08'),
(584,12,'034','普通座位','正常','2025-12-12 14:39:08','2025-12-12 14:39:08'),
(585,12,'035','电脑座位','正常','2025-12-12 14:39:08','2025-12-12 14:39:08'),
(586,12,'036','普通座位','正常','2025-12-12 14:39:08','2025-12-12 14:39:08'),
(587,12,'037','普通座位','正常','2025-12-12 14:39:08','2025-12-12 14:39:08'),
(588,12,'038','普通座位','正常','2025-12-12 14:39:08','2025-12-12 14:39:08'),
(589,12,'039','普通座位','正常','2025-12-12 14:39:08','2025-12-12 14:39:08'),
(590,12,'040','电脑座位','正常','2025-12-12 14:39:08','2025-12-12 14:39:08'),
(591,12,'041','普通座位','正常','2025-12-12 14:39:08','2025-12-12 14:39:08'),
(592,12,'042','普通座位','正常','2025-12-12 14:39:08','2025-12-12 14:39:08'),
(593,12,'043','普通座位','正常','2025-12-12 14:39:08','2025-12-12 14:39:08'),
(594,12,'044','普通座位','正常','2025-12-12 14:39:08','2025-12-12 14:39:08'),
(595,12,'045','电脑座位','正常','2025-12-12 14:39:08','2025-12-12 14:39:08'),
(596,12,'046','普通座位','正常','2025-12-12 14:39:08','2025-12-12 14:39:08'),
(597,12,'047','普通座位','正常','2025-12-12 14:39:08','2025-12-12 14:39:08'),
(598,12,'048','普通座位','正常','2025-12-12 14:39:08','2025-12-12 14:39:08'),
(599,12,'049','普通座位','正常','2025-12-12 14:39:08','2025-12-12 14:39:08'),
(600,12,'050','电脑座位','正常','2025-12-12 14:39:08','2025-12-12 14:39:08'),
(601,13,'001','普通座位','正常','2025-12-12 14:39:08','2025-12-12 14:39:08'),
(602,13,'002','普通座位','正常','2025-12-12 14:39:08','2025-12-12 14:39:08'),
(603,13,'003','电脑座位','正常','2025-12-12 14:39:08','2025-12-12 14:39:08'),
(604,13,'004','普通座位','正常','2025-12-12 14:39:08','2025-12-12 14:39:08'),
(605,13,'005','普通座位','正常','2025-12-12 14:39:08','2025-12-12 14:39:08'),
(606,13,'006','电脑座位','正常','2025-12-12 14:39:08','2025-12-12 14:39:08'),
(607,13,'007','普通座位','正常','2025-12-12 14:39:08','2025-12-12 14:39:08'),
(608,13,'008','普通座位','正常','2025-12-12 14:39:08','2025-12-12 14:39:08'),
(609,13,'009','普通座位','正常','2025-12-12 14:39:08','2025-12-12 14:39:08'),
(610,13,'010','电脑座位','正常','2025-12-12 14:39:08','2025-12-12 14:39:08'),
(611,13,'011','普通座位','正常','2025-12-12 14:39:08','2025-12-12 14:39:08'),
(612,13,'012','普通座位','正常','2025-12-12 14:39:08','2025-12-12 14:39:08'),
(613,13,'013','普通座位','正常','2025-12-12 14:39:08','2025-12-12 14:39:08'),
(614,13,'014','普通座位','正常','2025-12-12 14:39:08','2025-12-12 14:39:08'),
(615,13,'015','电脑座位','正常','2025-12-12 14:39:08','2025-12-12 14:39:08'),
(616,13,'016','普通座位','正常','2025-12-12 14:39:08','2025-12-12 14:39:08'),
(617,13,'017','普通座位','正常','2025-12-12 14:39:08','2025-12-12 14:39:08'),
(618,13,'018','普通座位','正常','2025-12-12 14:39:08','2025-12-12 14:39:08'),
(619,13,'019','普通座位','正常','2025-12-12 14:39:08','2025-12-12 14:39:08'),
(620,13,'020','电脑座位','正常','2025-12-12 14:39:08','2025-12-12 14:39:08'),
(621,13,'021','普通座位','正常','2025-12-12 14:39:08','2025-12-12 14:39:08'),
(622,13,'022','普通座位','正常','2025-12-12 14:39:08','2025-12-12 14:39:08'),
(623,13,'023','普通座位','正常','2025-12-12 14:39:08','2025-12-12 14:39:08'),
(624,13,'024','普通座位','正常','2025-12-12 14:39:08','2025-12-12 14:39:08'),
(625,13,'025','电脑座位','正常','2025-12-12 14:39:08','2025-12-12 14:39:08'),
(626,13,'026','普通座位','正常','2025-12-12 14:39:08','2025-12-12 14:39:08'),
(627,13,'027','普通座位','正常','2025-12-12 14:39:08','2025-12-12 14:39:08'),
(628,13,'028','普通座位','正常','2025-12-12 14:39:08','2025-12-12 14:39:08'),
(629,13,'029','普通座位','正常','2025-12-12 14:39:08','2025-12-12 14:39:08'),
(630,13,'030','电脑座位','正常','2025-12-12 14:39:08','2025-12-12 14:39:08'),
(631,13,'031','普通座位','正常','2025-12-12 14:39:08','2025-12-12 14:39:08'),
(632,13,'032','普通座位','正常','2025-12-12 14:39:08','2025-12-12 14:39:08'),
(633,13,'033','普通座位','正常','2025-12-12 14:39:08','2025-12-12 14:39:08'),
(634,13,'034','普通座位','正常','2025-12-12 14:39:08','2025-12-12 14:39:08'),
(635,13,'035','电脑座位','正常','2025-12-12 14:39:08','2025-12-12 14:39:08'),
(636,13,'036','普通座位','正常','2025-12-12 14:39:08','2025-12-12 14:39:08'),
(637,13,'037','普通座位','正常','2025-12-12 14:39:08','2025-12-12 14:39:08'),
(638,13,'038','普通座位','正常','2025-12-12 14:39:08','2025-12-12 14:39:08'),
(639,13,'039','普通座位','正常','2025-12-12 14:39:08','2025-12-12 14:39:08'),
(640,13,'040','电脑座位','正常','2025-12-12 14:39:08','2025-12-12 14:39:08'),
(641,13,'041','普通座位','正常','2025-12-12 14:39:08','2025-12-12 14:39:08'),
(642,13,'042','普通座位','正常','2025-12-12 14:39:08','2025-12-12 14:39:08'),
(643,13,'043','普通座位','正常','2025-12-12 14:39:08','2025-12-12 14:39:08'),
(644,13,'044','普通座位','正常','2025-12-12 14:39:08','2025-12-12 14:39:08'),
(645,13,'045','电脑座位','正常','2025-12-12 14:39:08','2025-12-12 14:39:08'),
(646,13,'046','普通座位','正常','2025-12-12 14:39:08','2025-12-12 14:39:08'),
(647,13,'047','普通座位','正常','2025-12-12 14:39:08','2025-12-12 14:39:08'),
(648,13,'048','普通座位','正常','2025-12-12 14:39:08','2025-12-12 14:39:08'),
(649,13,'049','普通座位','正常','2025-12-12 14:39:08','2025-12-12 14:39:08'),
(650,13,'050','电脑座位','正常','2025-12-12 14:39:08','2025-12-12 14:39:08'),
(651,14,'001','普通座位','正常','2025-12-12 14:39:08','2025-12-12 14:39:08'),
(652,14,'002','普通座位','正常','2025-12-12 14:39:08','2025-12-12 14:39:08'),
(653,14,'003','电脑座位','正常','2025-12-12 14:39:08','2025-12-12 14:39:08'),
(654,14,'004','普通座位','正常','2025-12-12 14:39:08','2025-12-12 14:39:08'),
(655,14,'005','普通座位','正常','2025-12-12 14:39:08','2025-12-12 14:39:08'),
(656,14,'006','电脑座位','正常','2025-12-12 14:39:08','2025-12-12 14:39:08'),
(657,14,'007','普通座位','正常','2025-12-12 14:39:08','2025-12-12 14:39:08'),
(658,14,'008','普通座位','正常','2025-12-12 14:39:08','2025-12-12 14:39:08'),
(659,14,'009','普通座位','正常','2025-12-12 14:39:08','2025-12-12 14:39:08'),
(660,14,'010','电脑座位','正常','2025-12-12 14:39:08','2025-12-12 14:39:08'),
(661,14,'011','普通座位','正常','2025-12-12 14:39:08','2025-12-12 14:39:08'),
(662,14,'012','普通座位','正常','2025-12-12 14:39:08','2025-12-12 14:39:08'),
(663,14,'013','普通座位','正常','2025-12-12 14:39:08','2025-12-12 14:39:08'),
(664,14,'014','普通座位','正常','2025-12-12 14:39:08','2025-12-12 14:39:08'),
(665,14,'015','电脑座位','正常','2025-12-12 14:39:08','2025-12-12 14:39:08'),
(666,14,'016','普通座位','正常','2025-12-12 14:39:08','2025-12-12 14:39:08'),
(667,14,'017','普通座位','正常','2025-12-12 14:39:08','2025-12-12 14:39:08'),
(668,14,'018','普通座位','正常','2025-12-12 14:39:08','2025-12-12 14:39:08'),
(669,14,'019','普通座位','正常','2025-12-12 14:39:08','2025-12-12 14:39:08'),
(670,14,'020','电脑座位','正常','2025-12-12 14:39:08','2025-12-12 14:39:08'),
(671,14,'021','普通座位','正常','2025-12-12 14:39:08','2025-12-12 14:39:08'),
(672,14,'022','普通座位','正常','2025-12-12 14:39:08','2025-12-12 14:39:08'),
(673,14,'023','普通座位','正常','2025-12-12 14:39:08','2025-12-12 14:39:08'),
(674,14,'024','普通座位','正常','2025-12-12 14:39:08','2025-12-12 14:39:08'),
(675,14,'025','电脑座位','正常','2025-12-12 14:39:08','2025-12-12 14:39:08'),
(676,14,'026','普通座位','正常','2025-12-12 14:39:08','2025-12-12 14:39:08'),
(677,14,'027','普通座位','正常','2025-12-12 14:39:08','2025-12-12 14:39:08'),
(678,14,'028','普通座位','正常','2025-12-12 14:39:08','2025-12-12 14:39:08'),
(679,14,'029','普通座位','正常','2025-12-12 14:39:08','2025-12-12 14:39:08'),
(680,14,'030','电脑座位','正常','2025-12-12 14:39:08','2025-12-12 14:39:08'),
(681,14,'031','普通座位','正常','2025-12-12 14:39:08','2025-12-12 14:39:08'),
(682,14,'032','普通座位','正常','2025-12-12 14:39:08','2025-12-12 14:39:08'),
(683,14,'033','普通座位','正常','2025-12-12 14:39:08','2025-12-12 14:39:08'),
(684,14,'034','普通座位','正常','2025-12-12 14:39:08','2025-12-12 14:39:08'),
(685,14,'035','电脑座位','正常','2025-12-12 14:39:08','2025-12-12 14:39:08'),
(686,14,'036','普通座位','正常','2025-12-12 14:39:08','2025-12-12 14:39:08'),
(687,14,'037','普通座位','正常','2025-12-12 14:39:08','2025-12-12 14:39:08'),
(688,14,'038','普通座位','正常','2025-12-12 14:39:08','2025-12-12 14:39:08'),
(689,14,'039','普通座位','正常','2025-12-12 14:39:08','2025-12-12 14:39:08'),
(690,14,'040','电脑座位','正常','2025-12-12 14:39:08','2025-12-12 14:39:08'),
(691,14,'041','普通座位','正常','2025-12-12 14:39:08','2025-12-12 14:39:08'),
(692,14,'042','普通座位','正常','2025-12-12 14:39:08','2025-12-12 14:39:08'),
(693,14,'043','普通座位','正常','2025-12-12 14:39:08','2025-12-12 14:39:08'),
(694,14,'044','普通座位','正常','2025-12-12 14:39:08','2025-12-12 14:39:08'),
(695,14,'045','电脑座位','正常','2025-12-12 14:39:08','2025-12-12 14:39:08'),
(696,14,'046','普通座位','正常','2025-12-12 14:39:08','2025-12-12 14:39:08'),
(697,14,'047','普通座位','正常','2025-12-12 14:39:08','2025-12-12 14:39:08'),
(698,14,'048','普通座位','正常','2025-12-12 14:39:08','2025-12-12 14:39:08'),
(699,14,'049','普通座位','正常','2025-12-12 14:39:08','2025-12-12 14:39:08'),
(700,14,'050','电脑座位','正常','2025-12-12 14:39:08','2025-12-12 14:39:08'),
(701,15,'001','普通座位','正常','2025-12-12 14:39:08','2025-12-12 14:39:08'),
(702,15,'002','普通座位','正常','2025-12-12 14:39:08','2025-12-12 14:39:08'),
(703,15,'003','电脑座位','正常','2025-12-12 14:39:08','2025-12-12 14:39:08'),
(704,15,'004','普通座位','正常','2025-12-12 14:39:08','2025-12-12 14:39:08'),
(705,15,'005','普通座位','正常','2025-12-12 14:39:08','2025-12-12 14:39:08'),
(706,15,'006','电脑座位','正常','2025-12-12 14:39:08','2025-12-12 14:39:08'),
(707,15,'007','普通座位','正常','2025-12-12 14:39:08','2025-12-12 14:39:08'),
(708,15,'008','普通座位','正常','2025-12-12 14:39:08','2025-12-12 14:39:08'),
(709,15,'009','普通座位','正常','2025-12-12 14:39:08','2025-12-12 14:39:08'),
(710,15,'010','电脑座位','正常','2025-12-12 14:39:08','2025-12-12 14:39:08'),
(711,15,'011','普通座位','正常','2025-12-12 14:39:08','2025-12-12 14:39:08'),
(712,15,'012','普通座位','正常','2025-12-12 14:39:08','2025-12-12 14:39:08'),
(713,15,'013','普通座位','正常','2025-12-12 14:39:08','2025-12-12 14:39:08'),
(714,15,'014','普通座位','正常','2025-12-12 14:39:08','2025-12-12 14:39:08'),
(715,15,'015','电脑座位','正常','2025-12-12 14:39:08','2025-12-12 14:39:08'),
(716,15,'016','普通座位','正常','2025-12-12 14:39:08','2025-12-12 14:39:08'),
(717,15,'017','普通座位','正常','2025-12-12 14:39:08','2025-12-12 14:39:08'),
(718,15,'018','普通座位','正常','2025-12-12 14:39:08','2025-12-12 14:39:08'),
(719,15,'019','普通座位','正常','2025-12-12 14:39:08','2025-12-12 14:39:08'),
(720,15,'020','电脑座位','正常','2025-12-12 14:39:08','2025-12-12 14:39:08'),
(721,15,'021','普通座位','正常','2025-12-12 14:39:08','2025-12-12 14:39:08'),
(722,15,'022','普通座位','正常','2025-12-12 14:39:08','2025-12-12 14:39:08'),
(723,15,'023','普通座位','正常','2025-12-12 14:39:08','2025-12-12 14:39:08'),
(724,15,'024','普通座位','正常','2025-12-12 14:39:08','2025-12-12 14:39:08'),
(725,15,'025','电脑座位','正常','2025-12-12 14:39:08','2025-12-12 14:39:08'),
(726,15,'026','普通座位','正常','2025-12-12 14:39:08','2025-12-12 14:39:08'),
(727,15,'027','普通座位','正常','2025-12-12 14:39:08','2025-12-12 14:39:08'),
(728,15,'028','普通座位','正常','2025-12-12 14:39:08','2025-12-12 14:39:08'),
(729,15,'029','普通座位','正常','2025-12-12 14:39:08','2025-12-12 14:39:08'),
(730,15,'030','电脑座位','正常','2025-12-12 14:39:08','2025-12-12 14:39:08'),
(731,15,'031','普通座位','正常','2025-12-12 14:39:08','2025-12-12 14:39:08'),
(732,15,'032','普通座位','正常','2025-12-12 14:39:08','2025-12-12 14:39:08'),
(733,15,'033','普通座位','正常','2025-12-12 14:39:08','2025-12-12 14:39:08'),
(734,15,'034','普通座位','正常','2025-12-12 14:39:08','2025-12-12 14:39:08'),
(735,15,'035','电脑座位','正常','2025-12-12 14:39:08','2025-12-12 14:39:08'),
(736,15,'036','普通座位','正常','2025-12-12 14:39:08','2025-12-12 14:39:08'),
(737,15,'037','普通座位','正常','2025-12-12 14:39:08','2025-12-12 14:39:08'),
(738,15,'038','普通座位','正常','2025-12-12 14:39:08','2025-12-12 14:39:08'),
(739,15,'039','普通座位','正常','2025-12-12 14:39:08','2025-12-12 14:39:08'),
(740,15,'040','电脑座位','正常','2025-12-12 14:39:08','2025-12-12 14:39:08'),
(741,15,'041','普通座位','正常','2025-12-12 14:39:08','2025-12-12 14:39:08'),
(742,15,'042','普通座位','正常','2025-12-12 14:39:08','2025-12-12 14:39:08'),
(743,15,'043','普通座位','正常','2025-12-12 14:39:08','2025-12-12 14:39:08'),
(744,15,'044','普通座位','正常','2025-12-12 14:39:08','2025-12-12 14:39:08'),
(745,15,'045','电脑座位','正常','2025-12-12 14:39:08','2025-12-12 14:39:08'),
(746,15,'046','普通座位','正常','2025-12-12 14:39:08','2025-12-12 14:39:08'),
(747,15,'047','普通座位','正常','2025-12-12 14:39:08','2025-12-12 14:39:08'),
(748,15,'048','普通座位','正常','2025-12-12 14:39:08','2025-12-12 14:39:08'),
(749,15,'049','普通座位','正常','2025-12-12 14:39:08','2025-12-12 14:39:08'),
(750,15,'050','电脑座位','正常','2025-12-12 14:39:08','2025-12-12 14:39:08'),
(751,16,'001','普通座位','正常','2025-12-12 14:39:08','2025-12-12 14:39:08'),
(752,16,'002','普通座位','正常','2025-12-12 14:39:08','2025-12-12 14:39:08'),
(753,16,'003','电脑座位','正常','2025-12-12 14:39:08','2025-12-12 14:39:08'),
(754,16,'004','普通座位','正常','2025-12-12 14:39:08','2025-12-12 14:39:08'),
(755,16,'005','普通座位','正常','2025-12-12 14:39:08','2025-12-12 14:39:08'),
(756,16,'006','电脑座位','正常','2025-12-12 14:39:08','2025-12-12 14:39:08'),
(757,16,'007','普通座位','正常','2025-12-12 14:39:08','2025-12-12 14:39:08'),
(758,16,'008','普通座位','正常','2025-12-12 14:39:08','2025-12-12 14:39:08'),
(759,16,'009','普通座位','正常','2025-12-12 14:39:08','2025-12-12 14:39:08'),
(760,16,'010','电脑座位','正常','2025-12-12 14:39:08','2025-12-12 14:39:08'),
(761,16,'011','普通座位','正常','2025-12-12 14:39:08','2025-12-12 14:39:08'),
(762,16,'012','普通座位','正常','2025-12-12 14:39:08','2025-12-12 14:39:08'),
(763,16,'013','普通座位','正常','2025-12-12 14:39:08','2025-12-12 14:39:08'),
(764,16,'014','普通座位','正常','2025-12-12 14:39:08','2025-12-12 14:39:08'),
(765,16,'015','电脑座位','正常','2025-12-12 14:39:08','2025-12-12 14:39:08'),
(766,16,'016','普通座位','正常','2025-12-12 14:39:08','2025-12-12 14:39:08'),
(767,16,'017','普通座位','正常','2025-12-12 14:39:08','2025-12-12 14:39:08'),
(768,16,'018','普通座位','正常','2025-12-12 14:39:08','2025-12-12 14:39:08'),
(769,16,'019','普通座位','正常','2025-12-12 14:39:08','2025-12-12 14:39:08'),
(770,16,'020','电脑座位','正常','2025-12-12 14:39:08','2025-12-12 14:39:08'),
(771,16,'021','普通座位','正常','2025-12-12 14:39:08','2025-12-12 14:39:08'),
(772,16,'022','普通座位','正常','2025-12-12 14:39:08','2025-12-12 14:39:08'),
(773,16,'023','普通座位','正常','2025-12-12 14:39:08','2025-12-12 14:39:08'),
(774,16,'024','普通座位','正常','2025-12-12 14:39:08','2025-12-12 14:39:08'),
(775,16,'025','电脑座位','正常','2025-12-12 14:39:08','2025-12-12 14:39:08'),
(776,16,'026','普通座位','正常','2025-12-12 14:39:08','2025-12-12 14:39:08'),
(777,16,'027','普通座位','正常','2025-12-12 14:39:08','2025-12-12 14:39:08'),
(778,16,'028','普通座位','正常','2025-12-12 14:39:08','2025-12-12 14:39:08'),
(779,16,'029','普通座位','正常','2025-12-12 14:39:08','2025-12-12 14:39:08'),
(780,16,'030','电脑座位','正常','2025-12-12 14:39:08','2025-12-12 14:39:08'),
(781,16,'031','普通座位','正常','2025-12-12 14:39:08','2025-12-12 14:39:08'),
(782,16,'032','普通座位','正常','2025-12-12 14:39:08','2025-12-12 14:39:08'),
(783,16,'033','普通座位','正常','2025-12-12 14:39:08','2025-12-12 14:39:08'),
(784,16,'034','普通座位','正常','2025-12-12 14:39:08','2025-12-12 14:39:08'),
(785,16,'035','电脑座位','正常','2025-12-12 14:39:08','2025-12-12 14:39:08'),
(786,16,'036','普通座位','正常','2025-12-12 14:39:08','2025-12-12 14:39:08'),
(787,16,'037','普通座位','正常','2025-12-12 14:39:08','2025-12-12 14:39:08'),
(788,16,'038','普通座位','正常','2025-12-12 14:39:08','2025-12-12 14:39:08'),
(789,16,'039','普通座位','正常','2025-12-12 14:39:08','2025-12-12 14:39:08'),
(790,16,'040','电脑座位','正常','2025-12-12 14:39:08','2025-12-12 14:39:08'),
(791,16,'041','普通座位','正常','2025-12-12 14:39:08','2025-12-12 14:39:08'),
(792,16,'042','普通座位','正常','2025-12-12 14:39:08','2025-12-12 14:39:08'),
(793,16,'043','普通座位','正常','2025-12-12 14:39:08','2025-12-12 14:39:08'),
(794,16,'044','普通座位','正常','2025-12-12 14:39:08','2025-12-12 14:39:08'),
(795,16,'045','电脑座位','正常','2025-12-12 14:39:08','2025-12-12 14:39:08'),
(796,16,'046','普通座位','正常','2025-12-12 14:39:08','2025-12-12 14:39:08'),
(797,16,'047','普通座位','正常','2025-12-12 14:39:08','2025-12-12 14:39:08'),
(798,16,'048','普通座位','正常','2025-12-12 14:39:08','2025-12-12 14:39:08'),
(799,16,'049','普通座位','正常','2025-12-12 14:39:08','2025-12-12 14:39:08'),
(800,16,'050','电脑座位','正常','2025-12-12 14:39:08','2025-12-12 14:39:08'),
(801,17,'001','普通座位','正常','2025-12-12 14:39:08','2025-12-12 14:39:08'),
(802,17,'002','普通座位','正常','2025-12-12 14:39:08','2025-12-12 14:39:08'),
(803,17,'003','电脑座位','正常','2025-12-12 14:39:08','2025-12-12 14:39:08'),
(804,17,'004','普通座位','正常','2025-12-12 14:39:08','2025-12-12 14:39:08'),
(805,17,'005','普通座位','正常','2025-12-12 14:39:08','2025-12-12 14:39:08'),
(806,17,'006','电脑座位','正常','2025-12-12 14:39:08','2025-12-12 14:39:08'),
(807,17,'007','普通座位','正常','2025-12-12 14:39:08','2025-12-12 14:39:08'),
(808,17,'008','普通座位','正常','2025-12-12 14:39:08','2025-12-12 14:39:08'),
(809,17,'009','普通座位','正常','2025-12-12 14:39:08','2025-12-12 14:39:08'),
(810,17,'010','电脑座位','正常','2025-12-12 14:39:08','2025-12-12 14:39:08'),
(811,17,'011','普通座位','正常','2025-12-12 14:39:08','2025-12-12 14:39:08'),
(812,17,'012','普通座位','正常','2025-12-12 14:39:08','2025-12-12 14:39:08'),
(813,17,'013','普通座位','正常','2025-12-12 14:39:08','2025-12-12 14:39:08'),
(814,17,'014','普通座位','正常','2025-12-12 14:39:08','2025-12-12 14:39:08'),
(815,17,'015','电脑座位','正常','2025-12-12 14:39:08','2025-12-12 14:39:08'),
(816,17,'016','普通座位','正常','2025-12-12 14:39:08','2025-12-12 14:39:08'),
(817,17,'017','普通座位','正常','2025-12-12 14:39:08','2025-12-12 14:39:08'),
(818,17,'018','普通座位','正常','2025-12-12 14:39:08','2025-12-12 14:39:08'),
(819,17,'019','普通座位','正常','2025-12-12 14:39:08','2025-12-12 14:39:08'),
(820,17,'020','电脑座位','正常','2025-12-12 14:39:08','2025-12-12 14:39:08'),
(821,17,'021','普通座位','正常','2025-12-12 14:39:08','2025-12-12 14:39:08'),
(822,17,'022','普通座位','正常','2025-12-12 14:39:08','2025-12-12 14:39:08'),
(823,17,'023','普通座位','正常','2025-12-12 14:39:08','2025-12-12 14:39:08'),
(824,17,'024','普通座位','正常','2025-12-12 14:39:08','2025-12-12 14:39:08'),
(825,17,'025','电脑座位','正常','2025-12-12 14:39:08','2025-12-12 14:39:08'),
(826,17,'026','普通座位','正常','2025-12-12 14:39:08','2025-12-12 14:39:08'),
(827,17,'027','普通座位','正常','2025-12-12 14:39:08','2025-12-12 14:39:08'),
(828,17,'028','普通座位','正常','2025-12-12 14:39:08','2025-12-12 14:39:08'),
(829,17,'029','普通座位','正常','2025-12-12 14:39:08','2025-12-12 14:39:08'),
(830,17,'030','电脑座位','正常','2025-12-12 14:39:08','2025-12-12 14:39:08'),
(831,17,'031','普通座位','正常','2025-12-12 14:39:08','2025-12-12 14:39:08'),
(832,17,'032','普通座位','正常','2025-12-12 14:39:08','2025-12-12 14:39:08'),
(833,17,'033','普通座位','正常','2025-12-12 14:39:08','2025-12-12 14:39:08'),
(834,17,'034','普通座位','正常','2025-12-12 14:39:08','2025-12-12 14:39:08'),
(835,17,'035','电脑座位','正常','2025-12-12 14:39:08','2025-12-12 14:39:08'),
(836,17,'036','普通座位','正常','2025-12-12 14:39:08','2025-12-12 14:39:08'),
(837,17,'037','普通座位','正常','2025-12-12 14:39:08','2025-12-12 14:39:08'),
(838,17,'038','普通座位','正常','2025-12-12 14:39:08','2025-12-12 14:39:08'),
(839,17,'039','普通座位','正常','2025-12-12 14:39:08','2025-12-12 14:39:08'),
(840,17,'040','电脑座位','正常','2025-12-12 14:39:08','2025-12-12 14:39:08'),
(841,17,'041','普通座位','正常','2025-12-12 14:39:08','2025-12-12 14:39:08'),
(842,17,'042','普通座位','正常','2025-12-12 14:39:08','2025-12-12 14:39:08'),
(843,17,'043','普通座位','正常','2025-12-12 14:39:08','2025-12-12 14:39:08'),
(844,17,'044','普通座位','正常','2025-12-12 14:39:08','2025-12-12 14:39:08'),
(845,17,'045','电脑座位','正常','2025-12-12 14:39:08','2025-12-12 14:39:08'),
(846,17,'046','普通座位','正常','2025-12-12 14:39:08','2025-12-12 14:39:08'),
(847,17,'047','普通座位','正常','2025-12-12 14:39:08','2025-12-12 14:39:08'),
(848,17,'048','普通座位','正常','2025-12-12 14:39:08','2025-12-12 14:39:08'),
(849,17,'049','普通座位','正常','2025-12-12 14:39:08','2025-12-12 14:39:08'),
(850,17,'050','电脑座位','正常','2025-12-12 14:39:08','2025-12-12 14:39:08'),
(851,18,'001','普通座位','正常','2025-12-12 14:39:08','2025-12-12 14:39:08'),
(852,18,'002','普通座位','正常','2025-12-12 14:39:08','2025-12-12 14:39:08'),
(853,18,'003','电脑座位','正常','2025-12-12 14:39:08','2025-12-12 14:39:08'),
(854,18,'004','普通座位','正常','2025-12-12 14:39:08','2025-12-12 14:39:08'),
(855,18,'005','普通座位','正常','2025-12-12 14:39:08','2025-12-12 14:39:08'),
(856,18,'006','电脑座位','正常','2025-12-12 14:39:08','2025-12-12 14:39:08'),
(857,18,'007','普通座位','正常','2025-12-12 14:39:08','2025-12-12 14:39:08'),
(858,18,'008','普通座位','正常','2025-12-12 14:39:08','2025-12-12 14:39:08'),
(859,18,'009','普通座位','正常','2025-12-12 14:39:08','2025-12-12 14:39:08'),
(860,18,'010','电脑座位','正常','2025-12-12 14:39:08','2025-12-12 14:39:08'),
(861,18,'011','普通座位','正常','2025-12-12 14:39:08','2025-12-12 14:39:08'),
(862,18,'012','普通座位','正常','2025-12-12 14:39:08','2025-12-12 14:39:08'),
(863,18,'013','普通座位','正常','2025-12-12 14:39:08','2025-12-12 14:39:08'),
(864,18,'014','普通座位','正常','2025-12-12 14:39:08','2025-12-12 14:39:08'),
(865,18,'015','电脑座位','正常','2025-12-12 14:39:08','2025-12-12 14:39:08'),
(866,18,'016','普通座位','正常','2025-12-12 14:39:08','2025-12-12 14:39:08'),
(867,18,'017','普通座位','正常','2025-12-12 14:39:08','2025-12-12 14:39:08'),
(868,18,'018','普通座位','正常','2025-12-12 14:39:08','2025-12-12 14:39:08'),
(869,18,'019','普通座位','正常','2025-12-12 14:39:08','2025-12-12 14:39:08'),
(870,18,'020','电脑座位','正常','2025-12-12 14:39:08','2025-12-12 14:39:08'),
(871,18,'021','普通座位','正常','2025-12-12 14:39:08','2025-12-12 14:39:08'),
(872,18,'022','普通座位','正常','2025-12-12 14:39:08','2025-12-12 14:39:08'),
(873,18,'023','普通座位','正常','2025-12-12 14:39:08','2025-12-12 14:39:08'),
(874,18,'024','普通座位','正常','2025-12-12 14:39:08','2025-12-12 14:39:08'),
(875,18,'025','电脑座位','正常','2025-12-12 14:39:08','2025-12-12 14:39:08'),
(876,18,'026','普通座位','正常','2025-12-12 14:39:08','2025-12-12 14:39:08'),
(877,18,'027','普通座位','正常','2025-12-12 14:39:08','2025-12-12 14:39:08'),
(878,18,'028','普通座位','正常','2025-12-12 14:39:08','2025-12-12 14:39:08'),
(879,18,'029','普通座位','正常','2025-12-12 14:39:08','2025-12-12 14:39:08'),
(880,18,'030','电脑座位','正常','2025-12-12 14:39:08','2025-12-12 14:39:08'),
(881,18,'031','普通座位','正常','2025-12-12 14:39:08','2025-12-12 14:39:08'),
(882,18,'032','普通座位','正常','2025-12-12 14:39:08','2025-12-12 14:39:08'),
(883,18,'033','普通座位','正常','2025-12-12 14:39:08','2025-12-12 14:39:08'),
(884,18,'034','普通座位','正常','2025-12-12 14:39:08','2025-12-12 14:39:08'),
(885,18,'035','电脑座位','正常','2025-12-12 14:39:08','2025-12-12 14:39:08'),
(886,18,'036','普通座位','正常','2025-12-12 14:39:08','2025-12-12 14:39:08'),
(887,18,'037','普通座位','正常','2025-12-12 14:39:08','2025-12-12 14:39:08'),
(888,18,'038','普通座位','正常','2025-12-12 14:39:08','2025-12-12 14:39:08'),
(889,18,'039','普通座位','正常','2025-12-12 14:39:08','2025-12-12 14:39:08'),
(890,18,'040','电脑座位','正常','2025-12-12 14:39:08','2025-12-12 14:39:08'),
(891,18,'041','普通座位','正常','2025-12-12 14:39:08','2025-12-12 14:39:08'),
(892,18,'042','普通座位','正常','2025-12-12 14:39:08','2025-12-12 14:39:08'),
(893,18,'043','普通座位','正常','2025-12-12 14:39:08','2025-12-12 14:39:08'),
(894,18,'044','普通座位','正常','2025-12-12 14:39:08','2025-12-12 14:39:08'),
(895,18,'045','电脑座位','正常','2025-12-12 14:39:08','2025-12-12 14:39:08'),
(896,18,'046','普通座位','正常','2025-12-12 14:39:08','2025-12-12 14:39:08'),
(897,18,'047','普通座位','正常','2025-12-12 14:39:08','2025-12-12 14:39:08'),
(898,18,'048','普通座位','正常','2025-12-12 14:39:08','2025-12-12 14:39:08'),
(899,18,'049','普通座位','正常','2025-12-12 14:39:08','2025-12-12 14:39:08'),
(900,18,'050','电脑座位','正常','2025-12-12 14:39:08','2025-12-12 14:39:08'),
(901,19,'001','普通座位','正常','2025-12-12 14:39:09','2025-12-12 14:39:09'),
(902,19,'002','普通座位','正常','2025-12-12 14:39:09','2025-12-12 14:39:09'),
(903,19,'003','电脑座位','正常','2025-12-12 14:39:09','2025-12-12 14:39:09'),
(904,19,'004','普通座位','正常','2025-12-12 14:39:09','2025-12-12 14:39:09'),
(905,19,'005','普通座位','正常','2025-12-12 14:39:09','2025-12-12 14:39:09'),
(906,19,'006','电脑座位','正常','2025-12-12 14:39:09','2025-12-12 14:39:09'),
(907,19,'007','普通座位','正常','2025-12-12 14:39:09','2025-12-12 14:39:09'),
(908,19,'008','普通座位','正常','2025-12-12 14:39:09','2025-12-12 14:39:09'),
(909,19,'009','普通座位','正常','2025-12-12 14:39:09','2025-12-12 14:39:09'),
(910,19,'010','电脑座位','正常','2025-12-12 14:39:09','2025-12-12 14:39:09'),
(911,19,'011','普通座位','正常','2025-12-12 14:39:09','2025-12-12 14:39:09'),
(912,19,'012','普通座位','正常','2025-12-12 14:39:09','2025-12-12 14:39:09'),
(913,19,'013','普通座位','正常','2025-12-12 14:39:09','2025-12-12 14:39:09'),
(914,19,'014','普通座位','正常','2025-12-12 14:39:09','2025-12-12 14:39:09'),
(915,19,'015','电脑座位','正常','2025-12-12 14:39:09','2025-12-12 14:39:09'),
(916,19,'016','普通座位','正常','2025-12-12 14:39:09','2025-12-12 14:39:09'),
(917,19,'017','普通座位','正常','2025-12-12 14:39:09','2025-12-12 14:39:09'),
(918,19,'018','普通座位','正常','2025-12-12 14:39:09','2025-12-12 14:39:09'),
(919,19,'019','普通座位','正常','2025-12-12 14:39:09','2025-12-12 14:39:09'),
(920,19,'020','电脑座位','正常','2025-12-12 14:39:09','2025-12-12 14:39:09'),
(921,19,'021','普通座位','正常','2025-12-12 14:39:09','2025-12-12 14:39:09'),
(922,19,'022','普通座位','正常','2025-12-12 14:39:09','2025-12-12 14:39:09'),
(923,19,'023','普通座位','正常','2025-12-12 14:39:09','2025-12-12 14:39:09'),
(924,19,'024','普通座位','正常','2025-12-12 14:39:09','2025-12-12 14:39:09'),
(925,19,'025','电脑座位','正常','2025-12-12 14:39:09','2025-12-12 14:39:09'),
(926,19,'026','普通座位','正常','2025-12-12 14:39:09','2025-12-12 14:39:09'),
(927,19,'027','普通座位','正常','2025-12-12 14:39:09','2025-12-12 14:39:09'),
(928,19,'028','普通座位','正常','2025-12-12 14:39:09','2025-12-12 14:39:09'),
(929,19,'029','普通座位','正常','2025-12-12 14:39:09','2025-12-12 14:39:09'),
(930,19,'030','电脑座位','正常','2025-12-12 14:39:09','2025-12-12 14:39:09'),
(931,19,'031','普通座位','正常','2025-12-12 14:39:09','2025-12-12 14:39:09'),
(932,19,'032','普通座位','正常','2025-12-12 14:39:09','2025-12-12 14:39:09'),
(933,19,'033','普通座位','正常','2025-12-12 14:39:09','2025-12-12 14:39:09'),
(934,19,'034','普通座位','正常','2025-12-12 14:39:09','2025-12-12 14:39:09'),
(935,19,'035','电脑座位','正常','2025-12-12 14:39:09','2025-12-12 14:39:09'),
(936,19,'036','普通座位','正常','2025-12-12 14:39:09','2025-12-12 14:39:09'),
(937,19,'037','普通座位','正常','2025-12-12 14:39:09','2025-12-12 14:39:09'),
(938,19,'038','普通座位','正常','2025-12-12 14:39:09','2025-12-12 14:39:09'),
(939,19,'039','普通座位','正常','2025-12-12 14:39:09','2025-12-12 14:39:09'),
(940,19,'040','电脑座位','正常','2025-12-12 14:39:09','2025-12-12 14:39:09'),
(941,19,'041','普通座位','正常','2025-12-12 14:39:09','2025-12-12 14:39:09'),
(942,19,'042','普通座位','正常','2025-12-12 14:39:09','2025-12-12 14:39:09'),
(943,19,'043','普通座位','正常','2025-12-12 14:39:09','2025-12-12 14:39:09'),
(944,19,'044','普通座位','正常','2025-12-12 14:39:09','2025-12-12 14:39:09'),
(945,19,'045','电脑座位','正常','2025-12-12 14:39:09','2025-12-12 14:39:09'),
(946,19,'046','普通座位','正常','2025-12-12 14:39:09','2025-12-12 14:39:09'),
(947,19,'047','普通座位','正常','2025-12-12 14:39:09','2025-12-12 14:39:09'),
(948,19,'048','普通座位','正常','2025-12-12 14:39:09','2025-12-12 14:39:09'),
(949,19,'049','普通座位','正常','2025-12-12 14:39:09','2025-12-12 14:39:09'),
(950,19,'050','电脑座位','正常','2025-12-12 14:39:09','2025-12-12 14:39:09'),
(951,20,'001','普通座位','正常','2025-12-12 14:39:09','2025-12-12 14:39:09'),
(952,20,'002','普通座位','正常','2025-12-12 14:39:09','2025-12-12 14:39:09'),
(953,20,'003','电脑座位','正常','2025-12-12 14:39:09','2025-12-12 14:39:09'),
(954,20,'004','普通座位','正常','2025-12-12 14:39:09','2025-12-12 14:39:09'),
(955,20,'005','普通座位','正常','2025-12-12 14:39:09','2025-12-12 14:39:09'),
(956,20,'006','电脑座位','正常','2025-12-12 14:39:09','2025-12-12 14:39:09'),
(957,20,'007','普通座位','正常','2025-12-12 14:39:09','2025-12-12 14:39:09'),
(958,20,'008','普通座位','正常','2025-12-12 14:39:09','2025-12-12 14:39:09'),
(959,20,'009','普通座位','正常','2025-12-12 14:39:09','2025-12-12 14:39:09'),
(960,20,'010','电脑座位','正常','2025-12-12 14:39:09','2025-12-12 14:39:09'),
(961,20,'011','普通座位','正常','2025-12-12 14:39:09','2025-12-12 14:39:09'),
(962,20,'012','普通座位','正常','2025-12-12 14:39:09','2025-12-12 14:39:09'),
(963,20,'013','普通座位','正常','2025-12-12 14:39:09','2025-12-12 14:39:09'),
(964,20,'014','普通座位','正常','2025-12-12 14:39:09','2025-12-12 14:39:09'),
(965,20,'015','电脑座位','正常','2025-12-12 14:39:09','2025-12-12 14:39:09'),
(966,20,'016','普通座位','正常','2025-12-12 14:39:09','2025-12-12 14:39:09'),
(967,20,'017','普通座位','正常','2025-12-12 14:39:09','2025-12-12 14:39:09'),
(968,20,'018','普通座位','正常','2025-12-12 14:39:09','2025-12-12 14:39:09'),
(969,20,'019','普通座位','正常','2025-12-12 14:39:09','2025-12-12 14:39:09'),
(970,20,'020','电脑座位','正常','2025-12-12 14:39:09','2025-12-12 14:39:09'),
(971,20,'021','普通座位','正常','2025-12-12 14:39:09','2025-12-12 14:39:09'),
(972,20,'022','普通座位','正常','2025-12-12 14:39:09','2025-12-12 14:39:09'),
(973,20,'023','普通座位','正常','2025-12-12 14:39:09','2025-12-12 14:39:09'),
(974,20,'024','普通座位','正常','2025-12-12 14:39:09','2025-12-12 14:39:09'),
(975,20,'025','电脑座位','正常','2025-12-12 14:39:09','2025-12-12 14:39:09'),
(976,20,'026','普通座位','正常','2025-12-12 14:39:09','2025-12-12 14:39:09'),
(977,20,'027','普通座位','正常','2025-12-12 14:39:09','2025-12-12 14:39:09'),
(978,20,'028','普通座位','正常','2025-12-12 14:39:09','2025-12-12 14:39:09'),
(979,20,'029','普通座位','正常','2025-12-12 14:39:09','2025-12-12 14:39:09'),
(980,20,'030','电脑座位','正常','2025-12-12 14:39:09','2025-12-12 14:39:09'),
(981,20,'031','普通座位','正常','2025-12-12 14:39:09','2025-12-12 14:39:09'),
(982,20,'032','普通座位','正常','2025-12-12 14:39:09','2025-12-12 14:39:09'),
(983,20,'033','普通座位','正常','2025-12-12 14:39:09','2025-12-12 14:39:09'),
(984,20,'034','普通座位','正常','2025-12-12 14:39:09','2025-12-12 14:39:09'),
(985,20,'035','电脑座位','正常','2025-12-12 14:39:09','2025-12-12 14:39:09'),
(986,20,'036','普通座位','正常','2025-12-12 14:39:09','2025-12-12 14:39:09'),
(987,20,'037','普通座位','正常','2025-12-12 14:39:09','2025-12-12 14:39:09'),
(988,20,'038','普通座位','正常','2025-12-12 14:39:09','2025-12-12 14:39:09'),
(989,20,'039','普通座位','正常','2025-12-12 14:39:09','2025-12-12 14:39:09'),
(990,20,'040','电脑座位','正常','2025-12-12 14:39:09','2025-12-12 14:39:09'),
(991,20,'041','普通座位','正常','2025-12-12 14:39:09','2025-12-12 14:39:09'),
(992,20,'042','普通座位','正常','2025-12-12 14:39:09','2025-12-12 14:39:09'),
(993,20,'043','普通座位','正常','2025-12-12 14:39:09','2025-12-12 14:39:09'),
(994,20,'044','普通座位','正常','2025-12-12 14:39:09','2025-12-12 14:39:09'),
(995,20,'045','电脑座位','正常','2025-12-12 14:39:09','2025-12-12 14:39:09'),
(996,20,'046','普通座位','正常','2025-12-12 14:39:09','2025-12-12 14:39:09'),
(997,20,'047','普通座位','正常','2025-12-12 14:39:09','2025-12-12 14:39:09'),
(998,20,'048','普通座位','正常','2025-12-12 14:39:09','2025-12-12 14:39:09'),
(999,20,'049','普通座位','正常','2025-12-12 14:39:09','2025-12-12 14:39:09'),
(1000,20,'050','电脑座位','正常','2025-12-12 14:39:09','2025-12-12 14:39:09'),
(1001,1,'051','电脑座位','正常','2025-12-12 15:53:50','2025-12-12 15:53:50'),
(1002,1,'052','电脑座位','正常','2025-12-12 15:53:50','2025-12-12 15:53:50'),
(1003,1,'053','电脑座位','正常','2025-12-12 15:53:51','2025-12-12 15:53:51'),
(1004,1,'054','电脑座位','正常','2025-12-12 15:53:51','2025-12-12 15:53:51'),
(1005,1,'055','电脑座位','正常','2025-12-12 15:53:51','2025-12-12 15:53:51'),
(1006,1,'056','电脑座位','正常','2025-12-12 15:53:51','2025-12-12 15:53:51'),
(1007,1,'057','电脑座位','正常','2025-12-12 15:53:51','2025-12-12 15:53:51'),
(1008,1,'058','电脑座位','正常','2025-12-12 15:53:51','2025-12-12 15:53:51'),
(1009,1,'059','电脑座位','正常','2025-12-12 15:53:51','2025-12-12 15:53:51'),
(1010,1,'060','电脑座位','正常','2025-12-12 15:53:51','2025-12-12 15:53:51');

/*Table structure for table `system_config` */

CREATE TABLE `system_config` (
  `id` bigint(20) NOT NULL AUTO_INCREMENT COMMENT '配置ID',
  `config_key` varchar(50) COLLATE utf8mb4_unicode_ci NOT NULL COMMENT '配置键',
  `config_value` varchar(200) COLLATE utf8mb4_unicode_ci NOT NULL COMMENT '配置值',
  `description` varchar(200) COLLATE utf8mb4_unicode_ci DEFAULT NULL COMMENT '描述',
  `create_time` datetime NOT NULL DEFAULT CURRENT_TIMESTAMP COMMENT '创建时间',
  `update_time` datetime NOT NULL DEFAULT CURRENT_TIMESTAMP ON UPDATE CURRENT_TIMESTAMP COMMENT '更新时间',
  PRIMARY KEY (`id`),
  UNIQUE KEY `uk_config_key` (`config_key`)
) ENGINE=InnoDB AUTO_INCREMENT=2 DEFAULT CHARSET=utf8mb4 COLLATE=utf8mb4_unicode_ci COMMENT='系统配置表';

/*Data for the table `system_config` */

insert  into `system_config`(`id`,`config_key`,`config_value`,`description`,`create_time`,`update_time`) values 
(1,'daily_order_sequence','102','每日预约流水号序列','2025-12-12 14:39:08','2025-12-12 15:25:46');

/*Table structure for table `user` */

CREATE TABLE `user` (
  `id` bigint(20) NOT NULL AUTO_INCREMENT COMMENT '用户ID',
  `username` varchar(50) COLLATE utf8mb4_unicode_ci NOT NULL COMMENT '用户名',
  `password` varchar(32) COLLATE utf8mb4_unicode_ci NOT NULL COMMENT '密码(MD5加密)',
  `real_name` varchar(50) COLLATE utf8mb4_unicode_ci NOT NULL COMMENT '真实姓名',
  `phone` varchar(11) COLLATE utf8mb4_unicode_ci DEFAULT NULL COMMENT '手机号',
  `email` varchar(100) COLLATE utf8mb4_unicode_ci DEFAULT NULL COMMENT '邮箱',
  `user_type` varchar(10) COLLATE utf8mb4_unicode_ci NOT NULL DEFAULT '学生' COMMENT '用户类型: 学生, 管理员',
  `status` varchar(10) COLLATE utf8mb4_unicode_ci NOT NULL DEFAULT '正常' COMMENT '状态: 正常, 禁用',
  `create_time` datetime NOT NULL DEFAULT CURRENT_TIMESTAMP COMMENT '创建时间',
  `update_time` datetime NOT NULL DEFAULT CURRENT_TIMESTAMP ON UPDATE CURRENT_TIMESTAMP COMMENT '更新时间',
  PRIMARY KEY (`id`),
  UNIQUE KEY `uk_username` (`username`),
  KEY `idx_user_type` (`user_type`)
) ENGINE=InnoDB AUTO_INCREMENT=5 DEFAULT CHARSET=utf8mb4 COLLATE=utf8mb4_unicode_ci COMMENT='用户表';

/*Data for the table `user` */

insert  into `user`(`id`,`username`,`password`,`real_name`,`phone`,`email`,`user_type`,`status`,`create_time`,`update_time`) values 
(1,'admin','21232f297a57a5a743894a0e4a801fc3','系统管理员',NULL,NULL,'管理员','正常','2025-12-12 14:39:08','2025-12-12 14:39:08'),
(2,'student001','22cf837d2060f69e9ee9f7d98bc8e2cb','张三',NULL,NULL,'学生','正常','2025-12-12 14:39:08','2025-12-12 14:39:08'),
(3,'student002','8f8ab797bad56ccdaf4bc1c6ce194093','李四',NULL,NULL,'学生','正常','2025-12-12 14:39:08','2025-12-12 14:39:08'),
(4,'student003','8c2422939dcf862ed227e707fb7eeb76','student003','','student001','学生','正常','2025-12-12 15:03:06','2025-12-12 15:03:06');

/*!40101 SET SQL_MODE=@OLD_SQL_MODE */;
/*!40014 SET FOREIGN_KEY_CHECKS=@OLD_FOREIGN_KEY_CHECKS */;
/*!40014 SET UNIQUE_CHECKS=@OLD_UNIQUE_CHECKS */;
/*!40111 SET SQL_NOTES=@OLD_SQL_NOTES */;
